white_king,d_pawn,e_pawn,black_king,side_to_move
a1,d2,e4,d3,B
b1,d2,e4,d3,B
c1,d2,e4,d3,B
d1,d2,e4,d3,B
e1,d2,e4,d3,B
f1,d2,e4,d3,B
g1,d2,e4,d3,B
h1,d2,e4,d3,B
a2,d2,e4,d3,B
f2,d2,e4,d3,B
g2,d2,e4,d3,B
h2,d2,e4,d3,B
a3,d2,e4,d3,B
g3,d2,e4,d3,B
h3,d2,e4,d3,B
a4,d2,e4,d3,B
g4,d2,e4,d3,B
h4,d2,e4,d3,B
a5,d2,e4,d3,B
g5,d2,e4,d3,B
h5,d2,e4,d3,B
a6,d2,e4,d3,B
b6,d2,e4,d3,B
c6,d2,e4,d3,B
d6,d2,e4,d3,B
e6,d2,e4,d3,B
f6,d2,e4,d3,B
g6,d2,e4,d3,B
h6,d2,e4,d3,B
a7,d2,e4,d3,B
b7,d2,e4,d3,B
c7,d2,e4,d3,B
d7,d2,e4,d3,B
e7,d2,e4,d3,B
f7,d2,e4,d3,B
g7,d2,e4,d3,B
h7,d2,e4,d3,B
a8,d2,e4,d3,B
b8,d2,e4,d3,B
c8,d2,e4,d3,B
d8,d2,e4,d3,B
e8,d2,e4,d3,B
f8,d2,e4,d3,B
g8,d2,e4,d3,B
h8,d2,e4,d3,B
a1,d2,e4,e3,B
b1,d2,e4,e3,B
c1,d2,e4,e3,B
d1,d2,e4,e3,B
e1,d2,e4,e3,B
f1,d2,e4,e3,B
g1,d2,e4,e3,B
h1,d2,e4,e3,B
a2,d2,e4,e3,B
g2,d2,e4,e3,B
h2,d2,e4,e3,B
a3,d2,e4,e3,B
g3,d2,e4,e3,B
h3,d2,e4,e3,B
a4,d2,e4,e3,B
g4,d2,e4,e3,B
h4,d2,e4,e3,B
a5,d2,e4,e3,B
g5,d2,e4,e3,B
h5,d2,e4,e3,B
a6,d2,e4,e3,B
b6,d2,e4,e3,B
c6,d2,e4,e3,B
d6,d2,e4,e3,B
e6,d2,e4,e3,B
f6,d2,e4,e3,B
g6,d2,e4,e3,B
h6,d2,e4,e3,B
a7,d2,e4,e3,B
b7,d2,e4,e3,B
c7,d2,e4,e3,B
d7,d2,e4,e3,B
e7,d2,e4,e3,B
f7,d2,e4,e3,B
g7,d2,e4,e3,B
h7,d2,e4,e3,B
a8,d2,e4,e3,B
b8,d2,e4,e3,B
c8,d2,e4,e3,B
d8,d2,e4,e3,B
e8,d2,e4,e3,B
f8,d2,e4,e3,B
g8,d2,e4,e3,B
h8,d2,e4,e3,B
a1,d2,e4,f3,B
b1,d2,e4,f3,B
c1,d2,e4,f3,B
d1,d2,e4,f3,B
e1,d2,e4,f3,B
f1,d2,e4,f3,B
g1,d2,e4,f3,B
h1,d2,e4,f3,B
a2,d2,e4,f3,B
h2,d2,e4,f3,B
a3,d2,e4,f3,B
h3,d2,e4,f3,B
a4,d2,e4,f3,B
h4,d2,e4,f3,B
a5,d2,e4,f3,B
g5,d2,e4,f3,B
h5,d2,e4,f3,B
a6,d2,e4,f3,B
b6,d2,e4,f3,B
c6,d2,e4,f3,B
d6,d2,e4,f3,B
e6,d2,e4,f3,B
f6,d2,e4,f3,B
g6,d2,e4,f3,B
h6,d2,e4,f3,B
a7,d2,e4,f3,B
b7,d2,e4,f3,B
c7,d2,e4,f3,B
d7,d2,e4,f3,B
e7,d2,e4,f3,B
f7,d2,e4,f3,B
g7,d2,e4,f3,B
h7,d2,e4,f3,B
a8,d2,e4,f3,B
b8,d2,e4,f3,B
c8,d2,e4,f3,B
d8,d2,e4,f3,B
e8,d2,e4,f3,B
f8,d2,e4,f3,B
g8,d2,e4,f3,B
h8,d2,e4,f3,B
a1,d2,e4,d4,B
b1,d2,e4,d4,B
c1,d2,e4,d4,B
d1,d2,e4,d4,B
e1,d2,e4,d4,B
f1,d2,e4,d4,B
g1,d2,e4,d4,B
h1,d2,e4,d4,B
a2,d2,e4,d4,B
e2,d2,e4,d4,B
f2,d2,e4,d4,B
g2,d2,e4,d4,B
h2,d2,e4,d4,B
a3,d2,e4,d4,B
g3,d2,e4,d4,B
h3,d2,e4,d4,B
a4,d2,e4,d4,B
g4,d2,e4,d4,B
h4,d2,e4,d4,B
a5,d2,e4,d4,B
g5,d2,e4,d4,B
h5,d2,e4,d4,B
a6,d2,e4,d4,B
b6,d2,e4,d4,B
c6,d2,e4,d4,B
d6,d2,e4,d4,B
e6,d2,e4,d4,B
f6,d2,e4,d4,B
g6,d2,e4,d4,B
h6,d2,e4,d4,B
a7,d2,e4,d4,B
b7,d2,e4,d4,B
c7,d2,e4,d4,B
d7,d2,e4,d4,B
e7,d2,e4,d4,B
f7,d2,e4,d4,B
g7,d2,e4,d4,B
h7,d2,e4,d4,B
a8,d2,e4,d4,B
b8,d2,e4,d4,B
c8,d2,e4,d4,B
d8,d2,e4,d4,B
e8,d2,e4,d4,B
f8,d2,e4,d4,B
g8,d2,e4,d4,B
h8,d2,e4,d4,B
a1,d2,e4,f4,B
b1,d2,e4,f4,B
c1,d2,e4,f4,B
d1,d2,e4,f4,B
e1,d2,e4,f4,B
f1,d2,e4,f4,B
g1,d2,e4,f4,B
h1,d2,e4,f4,B
a2,d2,e4,f4,B
e2,d2,e4,f4,B
f2,d2,e4,f4,B
g2,d2,e4,f4,B
h2,d2,e4,f4,B
a3,d2,e4,f4,B
h3,d2,e4,f4,B
a4,d2,e4,f4,B
h4,d2,e4,f4,B
a5,d2,e4,f4,B
h5,d2,e4,f4,B
a6,d2,e4,f4,B
b6,d2,e4,f4,B
c6,d2,e4,f4,B
d6,d2,e4,f4,B
e6,d2,e4,f4,B
f6,d2,e4,f4,B
g6,d2,e4,f4,B
h6,d2,e4,f4,B
a7,d2,e4,f4,B
b7,d2,e4,f4,B
c7,d2,e4,f4,B
d7,d2,e4,f4,B
e7,d2,e4,f4,B
f7,d2,e4,f4,B
g7,d2,e4,f4,B
h7,d2,e4,f4,B
a8,d2,e4,f4,B
b8,d2,e4,f4,B
c8,d2,e4,f4,B
d8,d2,e4,f4,B
e8,d2,e4,f4,B
f8,d2,e4,f4,B
g8,d2,e4,f4,B
h8,d2,e4,f4,B
a1,d2,e4,d5,B
b1,d2,e4,d5,B
c1,d2,e4,d5,B
d1,d2,e4,d5,B
e1,d2,e4,d5,B
f1,d2,e4,d5,B
g1,d2,e4,d5,B
h1,d2,e4,d5,B
a2,d2,e4,d5,B
e2,d2,e4,d5,B
f2,d2,e4,d5,B
g2,d2,e4,d5,B
h2,d2,e4,d5,B
a3,d2,e4,d5,B
g3,d2,e4,d5,B
h3,d2,e4,d5,B
a4,d2,e4,d5,B
g4,d2,e4,d5,B
h4,d2,e4,d5,B
a5,d2,e4,d5,B
g5,d2,e4,d5,B
h5,d2,e4,d5,B
a6,d2,e4,d5,B
b6,d2,e4,d5,B
f6,d2,e4,d5,B
g6,d2,e4,d5,B
h6,d2,e4,d5,B
a7,d2,e4,d5,B
b7,d2,e4,d5,B
c7,d2,e4,d5,B
d7,d2,e4,d5,B
e7,d2,e4,d5,B
f7,d2,e4,d5,B
g7,d2,e4,d5,B
h7,d2,e4,d5,B
a8,d2,e4,d5,B
b8,d2,e4,d5,B
c8,d2,e4,d5,B
d8,d2,e4,d5,B
e8,d2,e4,d5,B
f8,d2,e4,d5,B
g8,d2,e4,d5,B
h8,d2,e4,d5,B
a1,d2,e4,e5,B
b1,d2,e4,e5,B
c1,d2,e4,e5,B
d1,d2,e4,e5,B
e1,d2,e4,e5,B
f1,d2,e4,e5,B
g1,d2,e4,e5,B
h1,d2,e4,e5,B
a2,d2,e4,e5,B
e2,d2,e4,e5,B
f2,d2,e4,e5,B
g2,d2,e4,e5,B
h2,d2,e4,e5,B
a3,d2,e4,e5,B
g3,d2,e4,e5,B
h3,d2,e4,e5,B
a4,d2,e4,e5,B
g4,d2,e4,e5,B
h4,d2,e4,e5,B
a5,d2,e4,e5,B
g5,d2,e4,e5,B
h5,d2,e4,e5,B
a6,d2,e4,e5,B
b6,d2,e4,e5,B
c6,d2,e4,e5,B
g6,d2,e4,e5,B
h6,d2,e4,e5,B
a7,d2,e4,e5,B
b7,d2,e4,e5,B
c7,d2,e4,e5,B
d7,d2,e4,e5,B
e7,d2,e4,e5,B
f7,d2,e4,e5,B
g7,d2,e4,e5,B
h7,d2,e4,e5,B
a8,d2,e4,e5,B
b8,d2,e4,e5,B
c8,d2,e4,e5,B
d8,d2,e4,e5,B
e8,d2,e4,e5,B
f8,d2,e4,e5,B
g8,d2,e4,e5,B
h8,d2,e4,e5,B
a1,d2,e4,f5,B
b1,d2,e4,f5,B
c1,d2,e4,f5,B
d1,d2,e4,f5,B
e1,d2,e4,f5,B
f1,d2,e4,f5,B
g1,d2,e4,f5,B
h1,d2,e4,f5,B
a2,d2,e4,f5,B
e2,d2,e4,f5,B
f2,d2,e4,f5,B
g2,d2,e4,f5,B
h2,d2,e4,f5,B
a3,d2,e4,f5,B
g3,d2,e4,f5,B
h3,d2,e4,f5,B
a4,d2,e4,f5,B
h4,d2,e4,f5,B
a5,d2,e4,f5,B
h5,d2,e4,f5,B
a6,d2,e4,f5,B
b6,d2,e4,f5,B
c6,d2,e4,f5,B
d6,d2,e4,f5,B
h6,d2,e4,f5,B
a7,d2,e4,f5,B
b7,d2,e4,f5,B
c7,d2,e4,f5,B
d7,d2,e4,f5,B
e7,d2,e4,f5,B
f7,d2,e4,f5,B
g7,d2,e4,f5,B
h7,d2,e4,f5,B
a8,d2,e4,f5,B
b8,d2,e4,f5,B
c8,d2,e4,f5,B
d8,d2,e4,f5,B
e8,d2,e4,f5,B
f8,d2,e4,f5,B
g8,d2,e4,f5,B
h8,d2,e4,f5,B
a1,d2,e5,d4,B
b1,d2,e5,d4,B
c1,d2,e5,d4,B
d1,d2,e5,d4,B
e1,d2,e5,d4,B
f1,d2,e5,d4,B
g1,d2,e5,d4,B
h1,d2,e5,d4,B
a2,d2,e5,d4,B
g2,d2,e5,d4,B
h2,d2,e5,d4,B
a3,d2,e5,d4,B
g3,d2,e5,d4,B
h3,d2,e5,d4,B
a4,d2,e5,d4,B
g4,d2,e5,d4,B
h4,d2,e5,d4,B
a5,d2,e5,d4,B
g5,d2,e5,d4,B
h5,d2,e5,d4,B
a6,d2,e5,d4,B
g6,d2,e5,d4,B
h6,d2,e5,d4,B
a7,d2,e5,d4,B
b7,d2,e5,d4,B
c7,d2,e5,d4,B
d7,d2,e5,d4,B
e7,d2,e5,d4,B
f7,d2,e5,d4,B
g7,d2,e5,d4,B
h7,d2,e5,d4,B
a8,d2,e5,d4,B
b8,d2,e5,d4,B
c8,d2,e5,d4,B
d8,d2,e5,d4,B
e8,d2,e5,d4,B
f8,d2,e5,d4,B
g8,d2,e5,d4,B
h8,d2,e5,d4,B
a1,d2,e5,e4,B
b1,d2,e5,e4,B
c1,d2,e5,e4,B
d1,d2,e5,e4,B
e1,d2,e5,e4,B
f1,d2,e5,e4,B
g1,d2,e5,e4,B
h1,d2,e5,e4,B
a2,d2,e5,e4,B
g2,d2,e5,e4,B
h2,d2,e5,e4,B
a3,d2,e5,e4,B
g3,d2,e5,e4,B
h3,d2,e5,e4,B
a4,d2,e5,e4,B
g4,d2,e5,e4,B
h4,d2,e5,e4,B
a5,d2,e5,e4,B
g5,d2,e5,e4,B
h5,d2,e5,e4,B
a6,d2,e5,e4,B
g6,d2,e5,e4,B
h6,d2,e5,e4,B
a7,d2,e5,e4,B
b7,d2,e5,e4,B
c7,d2,e5,e4,B
d7,d2,e5,e4,B
e7,d2,e5,e4,B
f7,d2,e5,e4,B
g7,d2,e5,e4,B
h7,d2,e5,e4,B
a8,d2,e5,e4,B
b8,d2,e5,e4,B
c8,d2,e5,e4,B
d8,d2,e5,e4,B
e8,d2,e5,e4,B
f8,d2,e5,e4,B
g8,d2,e5,e4,B
h8,d2,e5,e4,B
a1,d2,e5,f4,B
b1,d2,e5,f4,B
c1,d2,e5,f4,B
d1,d2,e5,f4,B
e1,d2,e5,f4,B
f1,d2,e5,f4,B
g1,d2,e5,f4,B
h1,d2,e5,f4,B
a2,d2,e5,f4,B
g2,d2,e5,f4,B
h2,d2,e5,f4,B
a3,d2,e5,f4,B
h3,d2,e5,f4,B
a4,d2,e5,f4,B
h4,d2,e5,f4,B
a5,d2,e5,f4,B
h5,d2,e5,f4,B
a6,d2,e5,f4,B
g6,d2,e5,f4,B
h6,d2,e5,f4,B
a7,d2,e5,f4,B
b7,d2,e5,f4,B
c7,d2,e5,f4,B
d7,d2,e5,f4,B
e7,d2,e5,f4,B
f7,d2,e5,f4,B
g7,d2,e5,f4,B
h7,d2,e5,f4,B
a8,d2,e5,f4,B
b8,d2,e5,f4,B
c8,d2,e5,f4,B
d8,d2,e5,f4,B
e8,d2,e5,f4,B
f8,d2,e5,f4,B
g8,d2,e5,f4,B
h8,d2,e5,f4,B
a1,d2,e5,d5,B
b1,d2,e5,d5,B
c1,d2,e5,d5,B
d1,d2,e5,d5,B
e1,d2,e5,d5,B
f1,d2,e5,d5,B
g1,d2,e5,d5,B
h1,d2,e5,d5,B
a2,d2,e5,d5,B
g2,d2,e5,d5,B
h2,d2,e5,d5,B
a3,d2,e5,d5,B
e3,d2,e5,d5,B
g3,d2,e5,d5,B
h3,d2,e5,d5,B
a4,d2,e5,d5,B
g4,d2,e5,d5,B
h4,d2,e5,d5,B
a5,d2,e5,d5,B
g5,d2,e5,d5,B
h5,d2,e5,d5,B
a6,d2,e5,d5,B
g6,d2,e5,d5,B
h6,d2,e5,d5,B
a7,d2,e5,d5,B
b7,d2,e5,d5,B
c7,d2,e5,d5,B
d7,d2,e5,d5,B
e7,d2,e5,d5,B
f7,d2,e5,d5,B
g7,d2,e5,d5,B
h7,d2,e5,d5,B
a8,d2,e5,d5,B
b8,d2,e5,d5,B
c8,d2,e5,d5,B
d8,d2,e5,d5,B
e8,d2,e5,d5,B
f8,d2,e5,d5,B
g8,d2,e5,d5,B
h8,d2,e5,d5,B
a1,d2,e5,f5,B
b1,d2,e5,f5,B
c1,d2,e5,f5,B
d1,d2,e5,f5,B
e1,d2,e5,f5,B
f1,d2,e5,f5,B
g1,d2,e5,f5,B
h1,d2,e5,f5,B
a2,d2,e5,f5,B
g2,d2,e5,f5,B
h2,d2,e5,f5,B
a3,d2,e5,f5,B
e3,d2,e5,f5,B
g3,d2,e5,f5,B
h3,d2,e5,f5,B
a4,d2,e5,f5,B
h4,d2,e5,f5,B
a5,d2,e5,f5,B
h5,d2,e5,f5,B
a6,d2,e5,f5,B
h6,d2,e5,f5,B
a7,d2,e5,f5,B
b7,d2,e5,f5,B
c7,d2,e5,f5,B
d7,d2,e5,f5,B
e7,d2,e5,f5,B
f7,d2,e5,f5,B
g7,d2,e5,f5,B
h7,d2,e5,f5,B
a8,d2,e5,f5,B
b8,d2,e5,f5,B
c8,d2,e5,f5,B
d8,d2,e5,f5,B
e8,d2,e5,f5,B
f8,d2,e5,f5,B
g8,d2,e5,f5,B
h8,d2,e5,f5,B
a1,d2,e5,d6,B
b1,d2,e5,d6,B
c1,d2,e5,d6,B
d1,d2,e5,d6,B
e1,d2,e5,d6,B
f1,d2,e5,d6,B
g1,d2,e5,d6,B
h1,d2,e5,d6,B
a2,d2,e5,d6,B
g2,d2,e5,d6,B
h2,d2,e5,d6,B
a3,d2,e5,d6,B
e3,d2,e5,d6,B
g3,d2,e5,d6,B
h3,d2,e5,d6,B
a4,d2,e5,d6,B
g4,d2,e5,d6,B
h4,d2,e5,d6,B
a5,d2,e5,d6,B
g5,d2,e5,d6,B
h5,d2,e5,d6,B
a6,d2,e5,d6,B
g6,d2,e5,d6,B
h6,d2,e5,d6,B
a7,d2,e5,d6,B
b7,d2,e5,d6,B
f7,d2,e5,d6,B
g7,d2,e5,d6,B
h7,d2,e5,d6,B
a8,d2,e5,d6,B
b8,d2,e5,d6,B
c8,d2,e5,d6,B
d8,d2,e5,d6,B
e8,d2,e5,d6,B
f8,d2,e5,d6,B
g8,d2,e5,d6,B
h8,d2,e5,d6,B
a1,d2,e5,e6,B
b1,d2,e5,e6,B
c1,d2,e5,e6,B
d1,d2,e5,e6,B
e1,d2,e5,e6,B
f1,d2,e5,e6,B
g1,d2,e5,e6,B
h1,d2,e5,e6,B
a2,d2,e5,e6,B
g2,d2,e5,e6,B
h2,d2,e5,e6,B
a3,d2,e5,e6,B
e3,d2,e5,e6,B
g3,d2,e5,e6,B
h3,d2,e5,e6,B
a4,d2,e5,e6,B
g4,d2,e5,e6,B
h4,d2,e5,e6,B
a5,d2,e5,e6,B
g5,d2,e5,e6,B
h5,d2,e5,e6,B
a6,d2,e5,e6,B
g6,d2,e5,e6,B
h6,d2,e5,e6,B
a7,d2,e5,e6,B
b7,d2,e5,e6,B
c7,d2,e5,e6,B
g7,d2,e5,e6,B
h7,d2,e5,e6,B
a8,d2,e5,e6,B
b8,d2,e5,e6,B
c8,d2,e5,e6,B
d8,d2,e5,e6,B
e8,d2,e5,e6,B
f8,d2,e5,e6,B
g8,d2,e5,e6,B
h8,d2,e5,e6,B
a1,d2,e5,f6,B
b1,d2,e5,f6,B
c1,d2,e5,f6,B
d1,d2,e5,f6,B
e1,d2,e5,f6,B
f1,d2,e5,f6,B
g1,d2,e5,f6,B
h1,d2,e5,f6,B
a2,d2,e5,f6,B
g2,d2,e5,f6,B
h2,d2,e5,f6,B
a3,d2,e5,f6,B
e3,d2,e5,f6,B
g3,d2,e5,f6,B
h3,d2,e5,f6,B
a4,d2,e5,f6,B
g4,d2,e5,f6,B
h4,d2,e5,f6,B
a5,d2,e5,f6,B
h5,d2,e5,f6,B
a6,d2,e5,f6,B
h6,d2,e5,f6,B
a7,d2,e5,f6,B
b7,d2,e5,f6,B
c7,d2,e5,f6,B
d7,d2,e5,f6,B
h7,d2,e5,f6,B
a8,d2,e5,f6,B
b8,d2,e5,f6,B
c8,d2,e5,f6,B
d8,d2,e5,f6,B
e8,d2,e5,f6,B
f8,d2,e5,f6,B
g8,d2,e5,f6,B
h8,d2,e5,f6,B
e1,d2,e6,c5,B
f1,d2,e6,c5,B
g1,d2,e6,c5,B
h1,d2,e6,c5,B
h2,d2,e6,c5,B
h3,d2,e6,c5,B
h4,d2,e6,c5,B
h5,d2,e6,c5,B
h6,d2,e6,c5,B
h7,d2,e6,c5,B
h8,d2,e6,c5,B
a1,d2,e6,d5,B
b1,d2,e6,d5,B
c1,d2,e6,d5,B
d1,d2,e6,d5,B
e1,d2,e6,d5,B
f1,d2,e6,d5,B
g1,d2,e6,d5,B
h1,d2,e6,d5,B
a2,d2,e6,d5,B
e2,d2,e6,d5,B
f2,d2,e6,d5,B
g2,d2,e6,d5,B
h2,d2,e6,d5,B
a3,d2,e6,d5,B
g3,d2,e6,d5,B
h3,d2,e6,d5,B
a4,d2,e6,d5,B
g4,d2,e6,d5,B
h4,d2,e6,d5,B
a5,d2,e6,d5,B
g5,d2,e6,d5,B
h5,d2,e6,d5,B
a6,d2,e6,d5,B
g6,d2,e6,d5,B
h6,d2,e6,d5,B
a7,d2,e6,d5,B
g7,d2,e6,d5,B
h7,d2,e6,d5,B
a8,d2,e6,d5,B
b8,d2,e6,d5,B
c8,d2,e6,d5,B
d8,d2,e6,d5,B
e8,d2,e6,d5,B
f8,d2,e6,d5,B
g8,d2,e6,d5,B
h8,d2,e6,d5,B
a1,d2,e6,e5,B
b1,d2,e6,e5,B
c1,d2,e6,e5,B
d1,d2,e6,e5,B
e1,d2,e6,e5,B
f1,d2,e6,e5,B
g1,d2,e6,e5,B
h1,d2,e6,e5,B
a2,d2,e6,e5,B
e2,d2,e6,e5,B
f2,d2,e6,e5,B
g2,d2,e6,e5,B
h2,d2,e6,e5,B
a3,d2,e6,e5,B
g3,d2,e6,e5,B
h3,d2,e6,e5,B
a4,d2,e6,e5,B
g4,d2,e6,e5,B
h4,d2,e6,e5,B
a5,d2,e6,e5,B
g5,d2,e6,e5,B
h5,d2,e6,e5,B
a6,d2,e6,e5,B
g6,d2,e6,e5,B
h6,d2,e6,e5,B
a7,d2,e6,e5,B
g7,d2,e6,e5,B
h7,d2,e6,e5,B
a8,d2,e6,e5,B
b8,d2,e6,e5,B
c8,d2,e6,e5,B
d8,d2,e6,e5,B
e8,d2,e6,e5,B
f8,d2,e6,e5,B
g8,d2,e6,e5,B
h8,d2,e6,e5,B
a1,d2,e6,f5,B
b1,d2,e6,f5,B
c1,d2,e6,f5,B
d1,d2,e6,f5,B
e1,d2,e6,f5,B
f1,d2,e6,f5,B
g1,d2,e6,f5,B
h1,d2,e6,f5,B
a2,d2,e6,f5,B
e2,d2,e6,f5,B
f2,d2,e6,f5,B
g2,d2,e6,f5,B
h2,d2,e6,f5,B
a3,d2,e6,f5,B
g3,d2,e6,f5,B
h3,d2,e6,f5,B
a4,d2,e6,f5,B
h4,d2,e6,f5,B
a5,d2,e6,f5,B
h5,d2,e6,f5,B
a6,d2,e6,f5,B
h6,d2,e6,f5,B
a7,d2,e6,f5,B
g7,d2,e6,f5,B
h7,d2,e6,f5,B
a8,d2,e6,f5,B
b8,d2,e6,f5,B
c8,d2,e6,f5,B
d8,d2,e6,f5,B
e8,d2,e6,f5,B
f8,d2,e6,f5,B
g8,d2,e6,f5,B
h8,d2,e6,f5,B
e1,d2,e6,g5,B
f1,d2,e6,g5,B
g1,d2,e6,g5,B
h1,d2,e6,g5,B
h2,d2,e6,g5,B
h3,d2,e6,g5,B
h7,d2,e6,g5,B
g8,d2,e6,g5,B
h8,d2,e6,g5,B
e1,d2,e6,c6,B
f1,d2,e6,c6,B
g1,d2,e6,c6,B
h1,d2,e6,c6,B
h2,d2,e6,c6,B
h3,d2,e6,c6,B
h4,d2,e6,c6,B
h5,d2,e6,c6,B
h6,d2,e6,c6,B
h7,d2,e6,c6,B
h8,d2,e6,c6,B
e1,d2,e6,d6,W
f1,d2,e6,d6,W
g1,d2,e6,d6,W
h1,d2,e6,d6,W
h2,d2,e6,d6,W
h3,d2,e6,d6,W
h4,d2,e6,d6,W
h5,d2,e6,d6,W
h6,d2,e6,d6,W
h7,d2,e6,d6,W
h8,d2,e6,d6,W
a1,d2,e6,d6,B
b1,d2,e6,d6,B
c1,d2,e6,d6,B
d1,d2,e6,d6,B
e1,d2,e6,d6,B
f1,d2,e6,d6,B
g1,d2,e6,d6,B
h1,d2,e6,d6,B
a2,d2,e6,d6,B
e2,d2,e6,d6,B
f2,d2,e6,d6,B
g2,d2,e6,d6,B
h2,d2,e6,d6,B
a3,d2,e6,d6,B
g3,d2,e6,d6,B
h3,d2,e6,d6,B
a4,d2,e6,d6,B
g4,d2,e6,d6,B
h4,d2,e6,d6,B
a5,d2,e6,d6,B
g5,d2,e6,d6,B
h5,d2,e6,d6,B
a6,d2,e6,d6,B
g6,d2,e6,d6,B
h6,d2,e6,d6,B
a7,d2,e6,d6,B
g7,d2,e6,d6,B
h7,d2,e6,d6,B
a8,d2,e6,d6,B
b8,d2,e6,d6,B
c8,d2,e6,d6,B
d8,d2,e6,d6,B
e8,d2,e6,d6,B
f8,d2,e6,d6,B
g8,d2,e6,d6,B
h8,d2,e6,d6,B
e1,d2,e6,f6,W
f1,d2,e6,f6,W
g1,d2,e6,f6,W
h1,d2,e6,f6,W
h2,d2,e6,f6,W
h3,d2,e6,f6,W
h4,d2,e6,f6,W
h5,d2,e6,f6,W
h6,d2,e6,f6,W
h7,d2,e6,f6,W
g8,d2,e6,f6,W
h8,d2,e6,f6,W
a1,d2,e6,f6,B
b1,d2,e6,f6,B
c1,d2,e6,f6,B
d1,d2,e6,f6,B
e1,d2,e6,f6,B
f1,d2,e6,f6,B
g1,d2,e6,f6,B
h1,d2,e6,f6,B
a2,d2,e6,f6,B
e2,d2,e6,f6,B
f2,d2,e6,f6,B
g2,d2,e6,f6,B
h2,d2,e6,f6,B
a3,d2,e6,f6,B
g3,d2,e6,f6,B
h3,d2,e6,f6,B
a4,d2,e6,f6,B
g4,d2,e6,f6,B
h4,d2,e6,f6,B
a5,d2,e6,f6,B
h5,d2,e6,f6,B
a6,d2,e6,f6,B
h6,d2,e6,f6,B
a7,d2,e6,f6,B
h7,d2,e6,f6,B
a8,d2,e6,f6,B
b8,d2,e6,f6,B
c8,d2,e6,f6,B
d8,d2,e6,f6,B
e8,d2,e6,f6,B
f8,d2,e6,f6,B
g8,d2,e6,f6,B
h8,d2,e6,f6,B
e1,d2,e6,g6,B
f1,d2,e6,g6,B
g1,d2,e6,g6,B
h1,d2,e6,g6,B
h2,d2,e6,g6,B
h3,d2,e6,g6,B
h4,d2,e6,g6,B
g8,d2,e6,g6,B
h8,d2,e6,g6,B
e1,d2,e6,c7,B
f1,d2,e6,c7,B
g1,d2,e6,c7,B
h1,d2,e6,c7,B
h2,d2,e6,c7,B
h3,d2,e6,c7,B
h4,d2,e6,c7,B
h5,d2,e6,c7,B
h6,d2,e6,c7,B
h7,d2,e6,c7,B
h8,d2,e6,c7,B
a1,d2,e6,d7,B
b1,d2,e6,d7,B
c1,d2,e6,d7,B
d1,d2,e6,d7,B
e1,d2,e6,d7,B
f1,d2,e6,d7,B
g1,d2,e6,d7,B
h1,d2,e6,d7,B
a2,d2,e6,d7,B
e2,d2,e6,d7,B
f2,d2,e6,d7,B
g2,d2,e6,d7,B
h2,d2,e6,d7,B
a3,d2,e6,d7,B
g3,d2,e6,d7,B
h3,d2,e6,d7,B
a4,d2,e6,d7,B
g4,d2,e6,d7,B
h4,d2,e6,d7,B
a5,d2,e6,d7,B
g5,d2,e6,d7,B
h5,d2,e6,d7,B
a6,d2,e6,d7,B
g6,d2,e6,d7,B
h6,d2,e6,d7,B
a7,d2,e6,d7,B
g7,d2,e6,d7,B
h7,d2,e6,d7,B
a8,d2,e6,d7,B
b8,d2,e6,d7,B
f8,d2,e6,d7,B
g8,d2,e6,d7,B
h8,d2,e6,d7,B
e1,d2,e6,e7,W
f1,d2,e6,e7,W
g1,d2,e6,e7,W
h1,d2,e6,e7,W
h2,d2,e6,e7,W
h3,d2,e6,e7,W
h4,d2,e6,e7,W
h5,d2,e6,e7,W
h6,d2,e6,e7,W
g7,d2,e6,e7,W
h7,d2,e6,e7,W
g8,d2,e6,e7,W
h8,d2,e6,e7,W
a1,d2,e6,e7,B
b1,d2,e6,e7,B
c1,d2,e6,e7,B
d1,d2,e6,e7,B
e1,d2,e6,e7,B
f1,d2,e6,e7,B
g1,d2,e6,e7,B
h1,d2,e6,e7,B
a2,d2,e6,e7,B
e2,d2,e6,e7,B
f2,d2,e6,e7,B
g2,d2,e6,e7,B
h2,d2,e6,e7,B
a3,d2,e6,e7,B
g3,d2,e6,e7,B
h3,d2,e6,e7,B
a4,d2,e6,e7,B
g4,d2,e6,e7,B
h4,d2,e6,e7,B
a5,d2,e6,e7,B
g5,d2,e6,e7,B
h5,d2,e6,e7,B
a6,d2,e6,e7,B
g6,d2,e6,e7,B
h6,d2,e6,e7,B
a7,d2,e6,e7,B
g7,d2,e6,e7,B
h7,d2,e6,e7,B
a8,d2,e6,e7,B
b8,d2,e6,e7,B
c8,d2,e6,e7,B
g8,d2,e6,e7,B
h8,d2,e6,e7,B
a1,d2,e6,f7,B
b1,d2,e6,f7,B
c1,d2,e6,f7,B
d1,d2,e6,f7,B
e1,d2,e6,f7,B
f1,d2,e6,f7,B
g1,d2,e6,f7,B
h1,d2,e6,f7,B
a2,d2,e6,f7,B
e2,d2,e6,f7,B
f2,d2,e6,f7,B
g2,d2,e6,f7,B
h2,d2,e6,f7,B
a3,d2,e6,f7,B
g3,d2,e6,f7,B
h3,d2,e6,f7,B
a4,d2,e6,f7,B
g4,d2,e6,f7,B
h4,d2,e6,f7,B
a5,d2,e6,f7,B
g5,d2,e6,f7,B
h5,d2,e6,f7,B
a6,d2,e6,f7,B
h6,d2,e6,f7,B
a7,d2,e6,f7,B
h7,d2,e6,f7,B
a8,d2,e6,f7,B
b8,d2,e6,f7,B
c8,d2,e6,f7,B
d8,d2,e6,f7,B
h8,d2,e6,f7,B
e1,d2,e6,g7,B
f1,d2,e6,g7,B
g1,d2,e6,g7,B
h1,d2,e6,g7,B
h2,d2,e6,g7,B
h3,d2,e6,g7,B
h4,d2,e6,g7,B
h5,d2,e6,g7,B
e1,d2,e6,d8,B
f1,d2,e6,d8,B
g1,d2,e6,d8,B
h1,d2,e6,d8,B
h2,d2,e6,d8,B
h3,d2,e6,d8,B
h4,d2,e6,d8,B
h5,d2,e6,d8,B
h6,d2,e6,d8,B
g7,d2,e6,d8,B
h7,d2,e6,d8,B
g8,d2,e6,d8,B
h8,d2,e6,d8,B
e1,d2,e6,e8,B
f1,d2,e6,e8,B
g1,d2,e6,e8,B
h1,d2,e6,e8,B
h2,d2,e6,e8,B
h3,d2,e6,e8,B
h4,d2,e6,e8,B
h5,d2,e6,e8,B
h6,d2,e6,e8,B
g7,d2,e6,e8,B
h7,d2,e6,e8,B
g8,d2,e6,e8,B
h8,d2,e6,e8,B
e1,d2,e6,f8,B
f1,d2,e6,f8,B
g1,d2,e6,f8,B
h1,d2,e6,f8,B
h2,d2,e6,f8,B
h3,d2,e6,f8,B
h4,d2,e6,f8,B
h5,d2,e6,f8,B
h6,d2,e6,f8,B
h7,d2,e6,f8,B
h8,d2,e6,f8,B
a1,d2,e7,d6,B
b1,d2,e7,d6,B
c1,d2,e7,d6,B
d1,d2,e7,d6,B
e1,d2,e7,d6,B
f1,d2,e7,d6,B
g1,d2,e7,d6,B
h1,d2,e7,d6,B
h2,d2,e7,d6,B
h3,d2,e7,d6,B
h4,d2,e7,d6,B
h5,d2,e7,d6,B
h6,d2,e7,d6,B
a7,d2,e7,d6,B
g7,d2,e7,d6,B
h7,d2,e7,d6,B
a8,d2,e7,d6,B
g8,d2,e7,d6,B
h8,d2,e7,d6,B
a1,d2,e7,e6,B
b1,d2,e7,e6,B
c1,d2,e7,e6,B
d1,d2,e7,e6,B
e1,d2,e7,e6,B
f1,d2,e7,e6,B
g1,d2,e7,e6,B
h1,d2,e7,e6,B
h2,d2,e7,e6,B
h3,d2,e7,e6,B
h4,d2,e7,e6,B
h5,d2,e7,e6,B
h6,d2,e7,e6,B
a7,d2,e7,e6,B
g7,d2,e7,e6,B
h7,d2,e7,e6,B
a8,d2,e7,e6,B
g8,d2,e7,e6,B
h8,d2,e7,e6,B
a1,d2,e7,f6,B
b1,d2,e7,f6,B
c1,d2,e7,f6,B
d1,d2,e7,f6,B
e1,d2,e7,f6,B
f1,d2,e7,f6,B
g1,d2,e7,f6,B
h1,d2,e7,f6,B
h2,d2,e7,f6,B
h3,d2,e7,f6,B
h4,d2,e7,f6,B
h5,d2,e7,f6,B
h6,d2,e7,f6,B
a7,d2,e7,f6,B
h7,d2,e7,f6,B
a8,d2,e7,f6,B
g8,d2,e7,f6,B
h8,d2,e7,f6,B
a1,d2,e7,d7,B
b1,d2,e7,d7,B
c1,d2,e7,d7,B
d1,d2,e7,d7,B
e1,d2,e7,d7,B
f1,d2,e7,d7,B
g1,d2,e7,d7,B
h1,d2,e7,d7,B
h2,d2,e7,d7,B
h3,d2,e7,d7,B
h4,d2,e7,d7,B
h5,d2,e7,d7,B
h6,d2,e7,d7,B
a7,d2,e7,d7,B
g7,d2,e7,d7,B
h7,d2,e7,d7,B
a8,d2,e7,d7,B
g8,d2,e7,d7,B
h8,d2,e7,d7,B
a1,d2,e7,f7,B
b1,d2,e7,f7,B
c1,d2,e7,f7,B
d1,d2,e7,f7,B
e1,d2,e7,f7,B
f1,d2,e7,f7,B
g1,d2,e7,f7,B
h1,d2,e7,f7,B
h2,d2,e7,f7,B
h3,d2,e7,f7,B
h4,d2,e7,f7,B
h5,d2,e7,f7,B
h6,d2,e7,f7,B
a7,d2,e7,f7,B
h7,d2,e7,f7,B
a8,d2,e7,f7,B
h8,d2,e7,f7,B
a1,d2,e7,d8,B
b1,d2,e7,d8,B
c1,d2,e7,d8,B
d1,d2,e7,d8,B
e1,d2,e7,d8,B
f1,d2,e7,d8,B
g1,d2,e7,d8,B
h1,d2,e7,d8,B
h2,d2,e7,d8,B
h3,d2,e7,d8,B
h4,d2,e7,d8,B
h5,d2,e7,d8,B
h6,d2,e7,d8,B
a7,d2,e7,d8,B
g7,d2,e7,d8,B
h7,d2,e7,d8,B
a8,d2,e7,d8,B
g8,d2,e7,d8,B
h8,d2,e7,d8,B
g8,d2,e7,e8,W
h8,d2,e7,e8,W
a1,d2,e7,e8,B
b1,d2,e7,e8,B
c1,d2,e7,e8,B
d1,d2,e7,e8,B
e1,d2,e7,e8,B
f1,d2,e7,e8,B
g1,d2,e7,e8,B
h1,d2,e7,e8,B
h2,d2,e7,e8,B
h3,d2,e7,e8,B
h4,d2,e7,e8,B
h5,d2,e7,e8,B
e6,d2,e7,e8,B
h6,d2,e7,e8,B
a7,d2,e7,e8,B
g7,d2,e7,e8,B
h7,d2,e7,e8,B
a8,d2,e7,e8,B
g8,d2,e7,e8,B
h8,d2,e7,e8,B
a1,d2,e7,f8,B
b1,d2,e7,f8,B
c1,d2,e7,f8,B
d1,d2,e7,f8,B
e1,d2,e7,f8,B
f1,d2,e7,f8,B
g1,d2,e7,f8,B
h1,d2,e7,f8,B
h2,d2,e7,f8,B
h3,d2,e7,f8,B
h4,d2,e7,f8,B
h5,d2,e7,f8,B
h6,d2,e7,f8,B
a7,d2,e7,f8,B
h7,d2,e7,f8,B
a8,d2,e7,f8,B
h8,d2,e7,f8,B
a1,d3,e3,c2,B
e1,d3,e3,c2,B
f1,d3,e3,c2,B
g1,d3,e3,c2,B
h1,d3,e3,c2,B
a2,d3,e3,c2,B
h2,d3,e3,c2,B
a3,d3,e3,c2,B
h3,d3,e3,c2,B
a4,d3,e3,c2,B
b4,d3,e3,c2,B
h4,d3,e3,c2,B
a5,d3,e3,c2,B
b5,d3,e3,c2,B
c5,d3,e3,c2,B
h5,d3,e3,c2,B
a6,d3,e3,c2,B
b6,d3,e3,c2,B
c6,d3,e3,c2,B
d6,d3,e3,c2,B
e6,d3,e3,c2,B
f6,d3,e3,c2,B
g6,d3,e3,c2,B
h6,d3,e3,c2,B
a7,d3,e3,c2,B
b7,d3,e3,c2,B
c7,d3,e3,c2,B
d7,d3,e3,c2,B
e7,d3,e3,c2,B
f7,d3,e3,c2,B
g7,d3,e3,c2,B
h7,d3,e3,c2,B
a8,d3,e3,c2,B
b8,d3,e3,c2,B
c8,d3,e3,c2,B
d8,d3,e3,c2,B
e8,d3,e3,c2,B
f8,d3,e3,c2,B
g8,d3,e3,c2,B
h8,d3,e3,c2,B
a1,d3,e3,d2,B
b1,d3,e3,d2,B
f1,d3,e3,d2,B
g1,d3,e3,d2,B
h1,d3,e3,d2,B
a2,d3,e3,d2,B
b2,d3,e3,d2,B
g2,d3,e3,d2,B
h2,d3,e3,d2,B
a3,d3,e3,d2,B
b3,d3,e3,d2,B
g3,d3,e3,d2,B
h3,d3,e3,d2,B
a4,d3,e3,d2,B
b4,d3,e3,d2,B
g4,d3,e3,d2,B
h4,d3,e3,d2,B
a5,d3,e3,d2,B
b5,d3,e3,d2,B
c5,d3,e3,d2,B
f5,d3,e3,d2,B
g5,d3,e3,d2,B
h5,d3,e3,d2,B
a6,d3,e3,d2,B
b6,d3,e3,d2,B
c6,d3,e3,d2,B
d6,d3,e3,d2,B
e6,d3,e3,d2,B
f6,d3,e3,d2,B
g6,d3,e3,d2,B
h6,d3,e3,d2,B
a7,d3,e3,d2,B
b7,d3,e3,d2,B
c7,d3,e3,d2,B
d7,d3,e3,d2,B
e7,d3,e3,d2,B
f7,d3,e3,d2,B
g7,d3,e3,d2,B
h7,d3,e3,d2,B
a8,d3,e3,d2,B
b8,d3,e3,d2,B
c8,d3,e3,d2,B
d8,d3,e3,d2,B
e8,d3,e3,d2,B
f8,d3,e3,d2,B
g8,d3,e3,d2,B
h8,d3,e3,d2,B
a1,d3,e3,e2,B
b1,d3,e3,e2,B
c1,d3,e3,e2,B
g1,d3,e3,e2,B
h1,d3,e3,e2,B
a2,d3,e3,e2,B
b2,d3,e3,e2,B
g2,d3,e3,e2,B
h2,d3,e3,e2,B
a3,d3,e3,e2,B
b3,d3,e3,e2,B
g3,d3,e3,e2,B
h3,d3,e3,e2,B
a4,d3,e3,e2,B
b4,d3,e3,e2,B
g4,d3,e3,e2,B
h4,d3,e3,e2,B
a5,d3,e3,e2,B
b5,d3,e3,e2,B
c5,d3,e3,e2,B
f5,d3,e3,e2,B
g5,d3,e3,e2,B
h5,d3,e3,e2,B
a6,d3,e3,e2,B
b6,d3,e3,e2,B
c6,d3,e3,e2,B
d6,d3,e3,e2,B
e6,d3,e3,e2,B
f6,d3,e3,e2,B
g6,d3,e3,e2,B
h6,d3,e3,e2,B
a7,d3,e3,e2,B
b7,d3,e3,e2,B
c7,d3,e3,e2,B
d7,d3,e3,e2,B
e7,d3,e3,e2,B
f7,d3,e3,e2,B
g7,d3,e3,e2,B
h7,d3,e3,e2,B
a8,d3,e3,e2,B
b8,d3,e3,e2,B
c8,d3,e3,e2,B
d8,d3,e3,e2,B
e8,d3,e3,e2,B
f8,d3,e3,e2,B
g8,d3,e3,e2,B
h8,d3,e3,e2,B
a1,d3,e3,f2,B
b1,d3,e3,f2,B
c1,d3,e3,f2,B
d1,d3,e3,f2,B
h1,d3,e3,f2,B
a2,d3,e3,f2,B
h2,d3,e3,f2,B
a3,d3,e3,f2,B
h3,d3,e3,f2,B
a4,d3,e3,f2,B
g4,d3,e3,f2,B
h4,d3,e3,f2,B
a5,d3,e3,f2,B
f5,d3,e3,f2,B
g5,d3,e3,f2,B
h5,d3,e3,f2,B
a6,d3,e3,f2,B
b6,d3,e3,f2,B
c6,d3,e3,f2,B
d6,d3,e3,f2,B
e6,d3,e3,f2,B
f6,d3,e3,f2,B
g6,d3,e3,f2,B
h6,d3,e3,f2,B
a7,d3,e3,f2,B
b7,d3,e3,f2,B
c7,d3,e3,f2,B
d7,d3,e3,f2,B
e7,d3,e3,f2,B
f7,d3,e3,f2,B
g7,d3,e3,f2,B
h7,d3,e3,f2,B
a8,d3,e3,f2,B
b8,d3,e3,f2,B
c8,d3,e3,f2,B
d8,d3,e3,f2,B
e8,d3,e3,f2,B
f8,d3,e3,f2,B
g8,d3,e3,f2,B
h8,d3,e3,f2,B
a1,d3,e3,c3,B
b1,d3,e3,c3,B
c1,d3,e3,c3,B
d1,d3,e3,c3,B
e1,d3,e3,c3,B
f1,d3,e3,c3,B
g1,d3,e3,c3,B
h1,d3,e3,c3,B
a2,d3,e3,c3,B
h2,d3,e3,c3,B
a3,d3,e3,c3,B
h3,d3,e3,c3,B
a4,d3,e3,c3,B
h4,d3,e3,c3,B
a5,d3,e3,c3,B
b5,d3,e3,c3,B
c5,d3,e3,c3,B
h5,d3,e3,c3,B
a6,d3,e3,c3,B
b6,d3,e3,c3,B
c6,d3,e3,c3,B
d6,d3,e3,c3,B
e6,d3,e3,c3,B
f6,d3,e3,c3,B
g6,d3,e3,c3,B
h6,d3,e3,c3,B
a7,d3,e3,c3,B
b7,d3,e3,c3,B
c7,d3,e3,c3,B
d7,d3,e3,c3,B
e7,d3,e3,c3,B
f7,d3,e3,c3,B
g7,d3,e3,c3,B
h7,d3,e3,c3,B
a8,d3,e3,c3,B
b8,d3,e3,c3,B
c8,d3,e3,c3,B
d8,d3,e3,c3,B
e8,d3,e3,c3,B
f8,d3,e3,c3,B
g8,d3,e3,c3,B
h8,d3,e3,c3,B
a1,d3,e3,f3,B
b1,d3,e3,f3,B
c1,d3,e3,f3,B
d1,d3,e3,f3,B
e1,d3,e3,f3,B
f1,d3,e3,f3,B
g1,d3,e3,f3,B
h1,d3,e3,f3,B
a2,d3,e3,f3,B
h2,d3,e3,f3,B
a3,d3,e3,f3,B
h3,d3,e3,f3,B
a4,d3,e3,f3,B
h4,d3,e3,f3,B
a5,d3,e3,f3,B
f5,d3,e3,f3,B
g5,d3,e3,f3,B
h5,d3,e3,f3,B
a6,d3,e3,f3,B
b6,d3,e3,f3,B
c6,d3,e3,f3,B
d6,d3,e3,f3,B
e6,d3,e3,f3,B
f6,d3,e3,f3,B
g6,d3,e3,f3,B
h6,d3,e3,f3,B
a7,d3,e3,f3,B
b7,d3,e3,f3,B
c7,d3,e3,f3,B
d7,d3,e3,f3,B
e7,d3,e3,f3,B
f7,d3,e3,f3,B
g7,d3,e3,f3,B
h7,d3,e3,f3,B
a8,d3,e3,f3,B
b8,d3,e3,f3,B
c8,d3,e3,f3,B
d8,d3,e3,f3,B
e8,d3,e3,f3,B
f8,d3,e3,f3,B
g8,d3,e3,f3,B
h8,d3,e3,f3,B
a1,d3,e3,c4,B
b1,d3,e3,c4,B
c1,d3,e3,c4,B
d1,d3,e3,c4,B
e1,d3,e3,c4,B
f1,d3,e3,c4,B
g1,d3,e3,c4,B
h1,d3,e3,c4,B
a2,d3,e3,c4,B
b2,d3,e3,c4,B
h2,d3,e3,c4,B
a3,d3,e3,c4,B
h3,d3,e3,c4,B
a4,d3,e3,c4,B
h4,d3,e3,c4,B
a5,d3,e3,c4,B
h5,d3,e3,c4,B
a6,d3,e3,c4,B
b6,d3,e3,c4,B
c6,d3,e3,c4,B
d6,d3,e3,c4,B
e6,d3,e3,c4,B
f6,d3,e3,c4,B
g6,d3,e3,c4,B
h6,d3,e3,c4,B
a7,d3,e3,c4,B
b7,d3,e3,c4,B
c7,d3,e3,c4,B
d7,d3,e3,c4,B
e7,d3,e3,c4,B
f7,d3,e3,c4,B
g7,d3,e3,c4,B
h7,d3,e3,c4,B
a8,d3,e3,c4,B
b8,d3,e3,c4,B
c8,d3,e3,c4,B
d8,d3,e3,c4,B
e8,d3,e3,c4,B
f8,d3,e3,c4,B
g8,d3,e3,c4,B
h8,d3,e3,c4,B
a1,d3,e3,d4,B
b1,d3,e3,d4,B
c1,d3,e3,d4,B
d1,d3,e3,d4,B
e1,d3,e3,d4,B
f1,d3,e3,d4,B
g1,d3,e3,d4,B
h1,d3,e3,d4,B
a2,d3,e3,d4,B
b2,d3,e3,d4,B
g2,d3,e3,d4,B
h2,d3,e3,d4,B
a3,d3,e3,d4,B
b3,d3,e3,d4,B
g3,d3,e3,d4,B
h3,d3,e3,d4,B
a4,d3,e3,d4,B
b4,d3,e3,d4,B
g4,d3,e3,d4,B
h4,d3,e3,d4,B
a5,d3,e3,d4,B
b5,d3,e3,d4,B
f5,d3,e3,d4,B
g5,d3,e3,d4,B
h5,d3,e3,d4,B
a6,d3,e3,d4,B
b6,d3,e3,d4,B
c6,d3,e3,d4,B
d6,d3,e3,d4,B
e6,d3,e3,d4,B
f6,d3,e3,d4,B
g6,d3,e3,d4,B
h6,d3,e3,d4,B
a7,d3,e3,d4,B
b7,d3,e3,d4,B
c7,d3,e3,d4,B
d7,d3,e3,d4,B
e7,d3,e3,d4,B
f7,d3,e3,d4,B
g7,d3,e3,d4,B
h7,d3,e3,d4,B
a8,d3,e3,d4,B
b8,d3,e3,d4,B
c8,d3,e3,d4,B
d8,d3,e3,d4,B
e8,d3,e3,d4,B
f8,d3,e3,d4,B
g8,d3,e3,d4,B
h8,d3,e3,d4,B
a1,d3,e3,e4,B
b1,d3,e3,e4,B
c1,d3,e3,e4,B
d1,d3,e3,e4,B
e1,d3,e3,e4,B
f1,d3,e3,e4,B
g1,d3,e3,e4,B
h1,d3,e3,e4,B
a2,d3,e3,e4,B
b2,d3,e3,e4,B
g2,d3,e3,e4,B
h2,d3,e3,e4,B
a3,d3,e3,e4,B
b3,d3,e3,e4,B
g3,d3,e3,e4,B
h3,d3,e3,e4,B
a4,d3,e3,e4,B
b4,d3,e3,e4,B
g4,d3,e3,e4,B
h4,d3,e3,e4,B
a5,d3,e3,e4,B
b5,d3,e3,e4,B
c5,d3,e3,e4,B
g5,d3,e3,e4,B
h5,d3,e3,e4,B
a6,d3,e3,e4,B
b6,d3,e3,e4,B
c6,d3,e3,e4,B
d6,d3,e3,e4,B
e6,d3,e3,e4,B
f6,d3,e3,e4,B
g6,d3,e3,e4,B
h6,d3,e3,e4,B
a7,d3,e3,e4,B
b7,d3,e3,e4,B
c7,d3,e3,e4,B
d7,d3,e3,e4,B
e7,d3,e3,e4,B
f7,d3,e3,e4,B
g7,d3,e3,e4,B
h7,d3,e3,e4,B
a8,d3,e3,e4,B
b8,d3,e3,e4,B
c8,d3,e3,e4,B
d8,d3,e3,e4,B
e8,d3,e3,e4,B
f8,d3,e3,e4,B
g8,d3,e3,e4,B
h8,d3,e3,e4,B
a1,d3,e3,f4,B
b1,d3,e3,f4,B
c1,d3,e3,f4,B
d1,d3,e3,f4,B
e1,d3,e3,f4,B
f1,d3,e3,f4,B
g1,d3,e3,f4,B
h1,d3,e3,f4,B
a2,d3,e3,f4,B
g2,d3,e3,f4,B
h2,d3,e3,f4,B
a3,d3,e3,f4,B
h3,d3,e3,f4,B
a4,d3,e3,f4,B
h4,d3,e3,f4,B
a5,d3,e3,f4,B
h5,d3,e3,f4,B
a6,d3,e3,f4,B
b6,d3,e3,f4,B
c6,d3,e3,f4,B
d6,d3,e3,f4,B
e6,d3,e3,f4,B
f6,d3,e3,f4,B
g6,d3,e3,f4,B
h6,d3,e3,f4,B
a7,d3,e3,f4,B
b7,d3,e3,f4,B
c7,d3,e3,f4,B
d7,d3,e3,f4,B
e7,d3,e3,f4,B
f7,d3,e3,f4,B
g7,d3,e3,f4,B
h7,d3,e3,f4,B
a8,d3,e3,f4,B
b8,d3,e3,f4,B
c8,d3,e3,f4,B
d8,d3,e3,f4,B
e8,d3,e3,f4,B
f8,d3,e3,f4,B
g8,d3,e3,f4,B
h8,d3,e3,f4,B
a1,d3,e5,d4,B
b1,d3,e5,d4,B
c1,d3,e5,d4,B
d1,d3,e5,d4,B
e1,d3,e5,d4,B
f1,d3,e5,d4,B
g1,d3,e5,d4,B
h1,d3,e5,d4,B
a2,d3,e5,d4,B
b2,d3,e5,d4,B
c2,d3,e5,d4,B
d2,d3,e5,d4,B
e2,d3,e5,d4,B
f2,d3,e5,d4,B
g2,d3,e5,d4,B
h2,d3,e5,d4,B
a3,d3,e5,d4,B
f3,d3,e5,d4,B
g3,d3,e5,d4,B
h3,d3,e5,d4,B
a4,d3,e5,d4,B
g4,d3,e5,d4,B
h4,d3,e5,d4,B
a5,d3,e5,d4,B
g5,d3,e5,d4,B
h5,d3,e5,d4,B
a6,d3,e5,d4,B
g6,d3,e5,d4,B
h6,d3,e5,d4,B
a7,d3,e5,d4,B
b7,d3,e5,d4,B
c7,d3,e5,d4,B
d7,d3,e5,d4,B
e7,d3,e5,d4,B
f7,d3,e5,d4,B
g7,d3,e5,d4,B
h7,d3,e5,d4,B
a8,d3,e5,d4,B
b8,d3,e5,d4,B
c8,d3,e5,d4,B
d8,d3,e5,d4,B
e8,d3,e5,d4,B
f8,d3,e5,d4,B
g8,d3,e5,d4,B
h8,d3,e5,d4,B
a1,d3,e5,e4,B
b1,d3,e5,e4,B
c1,d3,e5,e4,B
d1,d3,e5,e4,B
e1,d3,e5,e4,B
f1,d3,e5,e4,B
g1,d3,e5,e4,B
h1,d3,e5,e4,B
a2,d3,e5,e4,B
b2,d3,e5,e4,B
c2,d3,e5,e4,B
d2,d3,e5,e4,B
e2,d3,e5,e4,B
f2,d3,e5,e4,B
g2,d3,e5,e4,B
h2,d3,e5,e4,B
a3,d3,e5,e4,B
g3,d3,e5,e4,B
h3,d3,e5,e4,B
a4,d3,e5,e4,B
g4,d3,e5,e4,B
h4,d3,e5,e4,B
a5,d3,e5,e4,B
g5,d3,e5,e4,B
h5,d3,e5,e4,B
a6,d3,e5,e4,B
g6,d3,e5,e4,B
h6,d3,e5,e4,B
a7,d3,e5,e4,B
b7,d3,e5,e4,B
c7,d3,e5,e4,B
d7,d3,e5,e4,B
e7,d3,e5,e4,B
f7,d3,e5,e4,B
g7,d3,e5,e4,B
h7,d3,e5,e4,B
a8,d3,e5,e4,B
b8,d3,e5,e4,B
c8,d3,e5,e4,B
d8,d3,e5,e4,B
e8,d3,e5,e4,B
f8,d3,e5,e4,B
g8,d3,e5,e4,B
h8,d3,e5,e4,B
a1,d3,e5,f4,B
b1,d3,e5,f4,B
c1,d3,e5,f4,B
d1,d3,e5,f4,B
e1,d3,e5,f4,B
f1,d3,e5,f4,B
g1,d3,e5,f4,B
h1,d3,e5,f4,B
a2,d3,e5,f4,B
b2,d3,e5,f4,B
c2,d3,e5,f4,B
d2,d3,e5,f4,B
e2,d3,e5,f4,B
f2,d3,e5,f4,B
g2,d3,e5,f4,B
h2,d3,e5,f4,B
a3,d3,e5,f4,B
h3,d3,e5,f4,B
a4,d3,e5,f4,B
h4,d3,e5,f4,B
a5,d3,e5,f4,B
h5,d3,e5,f4,B
a6,d3,e5,f4,B
g6,d3,e5,f4,B
h6,d3,e5,f4,B
a7,d3,e5,f4,B
b7,d3,e5,f4,B
c7,d3,e5,f4,B
d7,d3,e5,f4,B
e7,d3,e5,f4,B
f7,d3,e5,f4,B
g7,d3,e5,f4,B
h7,d3,e5,f4,B
a8,d3,e5,f4,B
b8,d3,e5,f4,B
c8,d3,e5,f4,B
d8,d3,e5,f4,B
e8,d3,e5,f4,B
f8,d3,e5,f4,B
g8,d3,e5,f4,B
h8,d3,e5,f4,B
a1,d3,e5,d5,B
b1,d3,e5,d5,B
c1,d3,e5,d5,B
d1,d3,e5,d5,B
e1,d3,e5,d5,B
f1,d3,e5,d5,B
g1,d3,e5,d5,B
h1,d3,e5,d5,B
a2,d3,e5,d5,B
b2,d3,e5,d5,B
c2,d3,e5,d5,B
d2,d3,e5,d5,B
e2,d3,e5,d5,B
f2,d3,e5,d5,B
g2,d3,e5,d5,B
h2,d3,e5,d5,B
a3,d3,e5,d5,B
e3,d3,e5,d5,B
f3,d3,e5,d5,B
g3,d3,e5,d5,B
h3,d3,e5,d5,B
a4,d3,e5,d5,B
g4,d3,e5,d5,B
h4,d3,e5,d5,B
a5,d3,e5,d5,B
g5,d3,e5,d5,B
h5,d3,e5,d5,B
a6,d3,e5,d5,B
g6,d3,e5,d5,B
h6,d3,e5,d5,B
a7,d3,e5,d5,B
b7,d3,e5,d5,B
c7,d3,e5,d5,B
d7,d3,e5,d5,B
e7,d3,e5,d5,B
f7,d3,e5,d5,B
g7,d3,e5,d5,B
h7,d3,e5,d5,B
a8,d3,e5,d5,B
b8,d3,e5,d5,B
c8,d3,e5,d5,B
d8,d3,e5,d5,B
e8,d3,e5,d5,B
f8,d3,e5,d5,B
g8,d3,e5,d5,B
h8,d3,e5,d5,B
a1,d3,e5,f5,B
b1,d3,e5,f5,B
c1,d3,e5,f5,B
d1,d3,e5,f5,B
e1,d3,e5,f5,B
f1,d3,e5,f5,B
g1,d3,e5,f5,B
h1,d3,e5,f5,B
a2,d3,e5,f5,B
b2,d3,e5,f5,B
c2,d3,e5,f5,B
d2,d3,e5,f5,B
e2,d3,e5,f5,B
f2,d3,e5,f5,B
g2,d3,e5,f5,B
h2,d3,e5,f5,B
a3,d3,e5,f5,B
e3,d3,e5,f5,B
f3,d3,e5,f5,B
g3,d3,e5,f5,B
h3,d3,e5,f5,B
a4,d3,e5,f5,B
h4,d3,e5,f5,B
a5,d3,e5,f5,B
h5,d3,e5,f5,B
a6,d3,e5,f5,B
h6,d3,e5,f5,B
a7,d3,e5,f5,B
b7,d3,e5,f5,B
c7,d3,e5,f5,B
d7,d3,e5,f5,B
e7,d3,e5,f5,B
f7,d3,e5,f5,B
g7,d3,e5,f5,B
h7,d3,e5,f5,B
a8,d3,e5,f5,B
b8,d3,e5,f5,B
c8,d3,e5,f5,B
d8,d3,e5,f5,B
e8,d3,e5,f5,B
f8,d3,e5,f5,B
g8,d3,e5,f5,B
h8,d3,e5,f5,B
a1,d3,e5,d6,B
b1,d3,e5,d6,B
c1,d3,e5,d6,B
d1,d3,e5,d6,B
e1,d3,e5,d6,B
f1,d3,e5,d6,B
g1,d3,e5,d6,B
h1,d3,e5,d6,B
a2,d3,e5,d6,B
b2,d3,e5,d6,B
c2,d3,e5,d6,B
d2,d3,e5,d6,B
e2,d3,e5,d6,B
f2,d3,e5,d6,B
g2,d3,e5,d6,B
h2,d3,e5,d6,B
a3,d3,e5,d6,B
e3,d3,e5,d6,B
f3,d3,e5,d6,B
g3,d3,e5,d6,B
h3,d3,e5,d6,B
a4,d3,e5,d6,B
g4,d3,e5,d6,B
h4,d3,e5,d6,B
a5,d3,e5,d6,B
g5,d3,e5,d6,B
h5,d3,e5,d6,B
a6,d3,e5,d6,B
g6,d3,e5,d6,B
h6,d3,e5,d6,B
a7,d3,e5,d6,B
b7,d3,e5,d6,B
f7,d3,e5,d6,B
g7,d3,e5,d6,B
h7,d3,e5,d6,B
a8,d3,e5,d6,B
b8,d3,e5,d6,B
c8,d3,e5,d6,B
d8,d3,e5,d6,B
e8,d3,e5,d6,B
f8,d3,e5,d6,B
g8,d3,e5,d6,B
h8,d3,e5,d6,B
a1,d3,e5,e6,B
b1,d3,e5,e6,B
c1,d3,e5,e6,B
d1,d3,e5,e6,B
e1,d3,e5,e6,B
f1,d3,e5,e6,B
g1,d3,e5,e6,B
h1,d3,e5,e6,B
a2,d3,e5,e6,B
b2,d3,e5,e6,B
c2,d3,e5,e6,B
d2,d3,e5,e6,B
e2,d3,e5,e6,B
f2,d3,e5,e6,B
g2,d3,e5,e6,B
h2,d3,e5,e6,B
a3,d3,e5,e6,B
e3,d3,e5,e6,B
f3,d3,e5,e6,B
g3,d3,e5,e6,B
h3,d3,e5,e6,B
a4,d3,e5,e6,B
g4,d3,e5,e6,B
h4,d3,e5,e6,B
a5,d3,e5,e6,B
g5,d3,e5,e6,B
h5,d3,e5,e6,B
a6,d3,e5,e6,B
g6,d3,e5,e6,B
h6,d3,e5,e6,B
a7,d3,e5,e6,B
b7,d3,e5,e6,B
c7,d3,e5,e6,B
g7,d3,e5,e6,B
h7,d3,e5,e6,B
a8,d3,e5,e6,B
b8,d3,e5,e6,B
c8,d3,e5,e6,B
d8,d3,e5,e6,B
e8,d3,e5,e6,B
f8,d3,e5,e6,B
g8,d3,e5,e6,B
h8,d3,e5,e6,B
a1,d3,e5,f6,B
b1,d3,e5,f6,B
c1,d3,e5,f6,B
d1,d3,e5,f6,B
e1,d3,e5,f6,B
f1,d3,e5,f6,B
g1,d3,e5,f6,B
h1,d3,e5,f6,B
a2,d3,e5,f6,B
b2,d3,e5,f6,B
c2,d3,e5,f6,B
d2,d3,e5,f6,B
e2,d3,e5,f6,B
f2,d3,e5,f6,B
g2,d3,e5,f6,B
h2,d3,e5,f6,B
a3,d3,e5,f6,B
e3,d3,e5,f6,B
f3,d3,e5,f6,B
g3,d3,e5,f6,B
h3,d3,e5,f6,B
a4,d3,e5,f6,B
g4,d3,e5,f6,B
h4,d3,e5,f6,B
a5,d3,e5,f6,B
h5,d3,e5,f6,B
a6,d3,e5,f6,B
h6,d3,e5,f6,B
a7,d3,e5,f6,B
b7,d3,e5,f6,B
c7,d3,e5,f6,B
d7,d3,e5,f6,B
h7,d3,e5,f6,B
a8,d3,e5,f6,B
b8,d3,e5,f6,B
c8,d3,e5,f6,B
d8,d3,e5,f6,B
e8,d3,e5,f6,B
f8,d3,e5,f6,B
g8,d3,e5,f6,B
h8,d3,e5,f6,B
a1,d3,e6,c5,B
b1,d3,e6,c5,B
c1,d3,e6,c5,B
d1,d3,e6,c5,B
e1,d3,e6,c5,B
f1,d3,e6,c5,B
g1,d3,e6,c5,B
h1,d3,e6,c5,B
h2,d3,e6,c5,B
h3,d3,e6,c5,B
h4,d3,e6,c5,B
h5,d3,e6,c5,B
h6,d3,e6,c5,B
h7,d3,e6,c5,B
h8,d3,e6,c5,B
a1,d3,e6,d5,B
b1,d3,e6,d5,B
c1,d3,e6,d5,B
d1,d3,e6,d5,B
e1,d3,e6,d5,B
f1,d3,e6,d5,B
g1,d3,e6,d5,B
h1,d3,e6,d5,B
a2,d3,e6,d5,B
b2,d3,e6,d5,B
c2,d3,e6,d5,B
d2,d3,e6,d5,B
e2,d3,e6,d5,B
f2,d3,e6,d5,B
g2,d3,e6,d5,B
h2,d3,e6,d5,B
a3,d3,e6,d5,B
g3,d3,e6,d5,B
h3,d3,e6,d5,B
a4,d3,e6,d5,B
g4,d3,e6,d5,B
h4,d3,e6,d5,B
a5,d3,e6,d5,B
g5,d3,e6,d5,B
h5,d3,e6,d5,B
a6,d3,e6,d5,B
g6,d3,e6,d5,B
h6,d3,e6,d5,B
a7,d3,e6,d5,B
g7,d3,e6,d5,B
h7,d3,e6,d5,B
a8,d3,e6,d5,B
b8,d3,e6,d5,B
c8,d3,e6,d5,B
d8,d3,e6,d5,B
e8,d3,e6,d5,B
f8,d3,e6,d5,B
g8,d3,e6,d5,B
h8,d3,e6,d5,B
a1,d3,e6,e5,B
b1,d3,e6,e5,B
c1,d3,e6,e5,B
d1,d3,e6,e5,B
e1,d3,e6,e5,B
f1,d3,e6,e5,B
g1,d3,e6,e5,B
h1,d3,e6,e5,B
a2,d3,e6,e5,B
b2,d3,e6,e5,B
c2,d3,e6,e5,B
d2,d3,e6,e5,B
e2,d3,e6,e5,B
f2,d3,e6,e5,B
g2,d3,e6,e5,B
h2,d3,e6,e5,B
a3,d3,e6,e5,B
g3,d3,e6,e5,B
h3,d3,e6,e5,B
a4,d3,e6,e5,B
g4,d3,e6,e5,B
h4,d3,e6,e5,B
a5,d3,e6,e5,B
g5,d3,e6,e5,B
h5,d3,e6,e5,B
a6,d3,e6,e5,B
g6,d3,e6,e5,B
h6,d3,e6,e5,B
a7,d3,e6,e5,B
g7,d3,e6,e5,B
h7,d3,e6,e5,B
a8,d3,e6,e5,B
b8,d3,e6,e5,B
c8,d3,e6,e5,B
d8,d3,e6,e5,B
e8,d3,e6,e5,B
f8,d3,e6,e5,B
g8,d3,e6,e5,B
h8,d3,e6,e5,B
a1,d3,e6,f5,B
b1,d3,e6,f5,B
c1,d3,e6,f5,B
d1,d3,e6,f5,B
e1,d3,e6,f5,B
f1,d3,e6,f5,B
g1,d3,e6,f5,B
h1,d3,e6,f5,B
a2,d3,e6,f5,B
b2,d3,e6,f5,B
c2,d3,e6,f5,B
d2,d3,e6,f5,B
e2,d3,e6,f5,B
f2,d3,e6,f5,B
g2,d3,e6,f5,B
h2,d3,e6,f5,B
a3,d3,e6,f5,B
g3,d3,e6,f5,B
h3,d3,e6,f5,B
a4,d3,e6,f5,B
h4,d3,e6,f5,B
a5,d3,e6,f5,B
h5,d3,e6,f5,B
a6,d3,e6,f5,B
h6,d3,e6,f5,B
a7,d3,e6,f5,B
g7,d3,e6,f5,B
h7,d3,e6,f5,B
a8,d3,e6,f5,B
b8,d3,e6,f5,B
c8,d3,e6,f5,B
d8,d3,e6,f5,B
e8,d3,e6,f5,B
f8,d3,e6,f5,B
g8,d3,e6,f5,B
h8,d3,e6,f5,B
a1,d3,e6,g5,B
b1,d3,e6,g5,B
c1,d3,e6,g5,B
d1,d3,e6,g5,B
e1,d3,e6,g5,B
f1,d3,e6,g5,B
g1,d3,e6,g5,B
h1,d3,e6,g5,B
h2,d3,e6,g5,B
h3,d3,e6,g5,B
h7,d3,e6,g5,B
g8,d3,e6,g5,B
h8,d3,e6,g5,B
a1,d3,e6,c6,B
b1,d3,e6,c6,B
c1,d3,e6,c6,B
d1,d3,e6,c6,B
e1,d3,e6,c6,B
f1,d3,e6,c6,B
g1,d3,e6,c6,B
h1,d3,e6,c6,B
h2,d3,e6,c6,B
h3,d3,e6,c6,B
h4,d3,e6,c6,B
h5,d3,e6,c6,B
h6,d3,e6,c6,B
h7,d3,e6,c6,B
h8,d3,e6,c6,B
a1,d3,e6,d6,W
b1,d3,e6,d6,W
c1,d3,e6,d6,W
d1,d3,e6,d6,W
e1,d3,e6,d6,W
f1,d3,e6,d6,W
g1,d3,e6,d6,W
h1,d3,e6,d6,W
h2,d3,e6,d6,W
h3,d3,e6,d6,W
h4,d3,e6,d6,W
h5,d3,e6,d6,W
h6,d3,e6,d6,W
h7,d3,e6,d6,W
h8,d3,e6,d6,W
a1,d3,e6,d6,B
b1,d3,e6,d6,B
c1,d3,e6,d6,B
d1,d3,e6,d6,B
e1,d3,e6,d6,B
f1,d3,e6,d6,B
g1,d3,e6,d6,B
h1,d3,e6,d6,B
a2,d3,e6,d6,B
b2,d3,e6,d6,B
c2,d3,e6,d6,B
d2,d3,e6,d6,B
e2,d3,e6,d6,B
f2,d3,e6,d6,B
g2,d3,e6,d6,B
h2,d3,e6,d6,B
a3,d3,e6,d6,B
g3,d3,e6,d6,B
h3,d3,e6,d6,B
a4,d3,e6,d6,B
e4,d3,e6,d6,B
g4,d3,e6,d6,B
h4,d3,e6,d6,B
a5,d3,e6,d6,B
g5,d3,e6,d6,B
h5,d3,e6,d6,B
a6,d3,e6,d6,B
g6,d3,e6,d6,B
h6,d3,e6,d6,B
a7,d3,e6,d6,B
g7,d3,e6,d6,B
h7,d3,e6,d6,B
a8,d3,e6,d6,B
b8,d3,e6,d6,B
c8,d3,e6,d6,B
d8,d3,e6,d6,B
e8,d3,e6,d6,B
f8,d3,e6,d6,B
g8,d3,e6,d6,B
h8,d3,e6,d6,B
a1,d3,e6,f6,W
b1,d3,e6,f6,W
c1,d3,e6,f6,W
d1,d3,e6,f6,W
e1,d3,e6,f6,W
f1,d3,e6,f6,W
g1,d3,e6,f6,W
h1,d3,e6,f6,W
h2,d3,e6,f6,W
h3,d3,e6,f6,W
h4,d3,e6,f6,W
h5,d3,e6,f6,W
h6,d3,e6,f6,W
h7,d3,e6,f6,W
g8,d3,e6,f6,W
h8,d3,e6,f6,W
a1,d3,e6,f6,B
b1,d3,e6,f6,B
c1,d3,e6,f6,B
d1,d3,e6,f6,B
e1,d3,e6,f6,B
f1,d3,e6,f6,B
g1,d3,e6,f6,B
h1,d3,e6,f6,B
a2,d3,e6,f6,B
b2,d3,e6,f6,B
c2,d3,e6,f6,B
d2,d3,e6,f6,B
e2,d3,e6,f6,B
f2,d3,e6,f6,B
g2,d3,e6,f6,B
h2,d3,e6,f6,B
a3,d3,e6,f6,B
g3,d3,e6,f6,B
h3,d3,e6,f6,B
a4,d3,e6,f6,B
e4,d3,e6,f6,B
g4,d3,e6,f6,B
h4,d3,e6,f6,B
a5,d3,e6,f6,B
h5,d3,e6,f6,B
a6,d3,e6,f6,B
h6,d3,e6,f6,B
a7,d3,e6,f6,B
h7,d3,e6,f6,B
a8,d3,e6,f6,B
b8,d3,e6,f6,B
c8,d3,e6,f6,B
d8,d3,e6,f6,B
e8,d3,e6,f6,B
f8,d3,e6,f6,B
g8,d3,e6,f6,B
h8,d3,e6,f6,B
a1,d3,e6,g6,B
b1,d3,e6,g6,B
c1,d3,e6,g6,B
d1,d3,e6,g6,B
e1,d3,e6,g6,B
f1,d3,e6,g6,B
g1,d3,e6,g6,B
h1,d3,e6,g6,B
h2,d3,e6,g6,B
h3,d3,e6,g6,B
h4,d3,e6,g6,B
g8,d3,e6,g6,B
h8,d3,e6,g6,B
a1,d3,e6,c7,B
b1,d3,e6,c7,B
c1,d3,e6,c7,B
d1,d3,e6,c7,B
e1,d3,e6,c7,B
f1,d3,e6,c7,B
g1,d3,e6,c7,B
h1,d3,e6,c7,B
h2,d3,e6,c7,B
h3,d3,e6,c7,B
h4,d3,e6,c7,B
h5,d3,e6,c7,B
h6,d3,e6,c7,B
h7,d3,e6,c7,B
h8,d3,e6,c7,B
a1,d3,e6,d7,B
b1,d3,e6,d7,B
c1,d3,e6,d7,B
d1,d3,e6,d7,B
e1,d3,e6,d7,B
f1,d3,e6,d7,B
g1,d3,e6,d7,B
h1,d3,e6,d7,B
a2,d3,e6,d7,B
b2,d3,e6,d7,B
c2,d3,e6,d7,B
d2,d3,e6,d7,B
e2,d3,e6,d7,B
f2,d3,e6,d7,B
g2,d3,e6,d7,B
h2,d3,e6,d7,B
a3,d3,e6,d7,B
g3,d3,e6,d7,B
h3,d3,e6,d7,B
a4,d3,e6,d7,B
e4,d3,e6,d7,B
g4,d3,e6,d7,B
h4,d3,e6,d7,B
a5,d3,e6,d7,B
g5,d3,e6,d7,B
h5,d3,e6,d7,B
a6,d3,e6,d7,B
g6,d3,e6,d7,B
h6,d3,e6,d7,B
a7,d3,e6,d7,B
g7,d3,e6,d7,B
h7,d3,e6,d7,B
a8,d3,e6,d7,B
b8,d3,e6,d7,B
f8,d3,e6,d7,B
g8,d3,e6,d7,B
h8,d3,e6,d7,B
a1,d3,e6,e7,W
b1,d3,e6,e7,W
c1,d3,e6,e7,W
d1,d3,e6,e7,W
e1,d3,e6,e7,W
f1,d3,e6,e7,W
g1,d3,e6,e7,W
h1,d3,e6,e7,W
h2,d3,e6,e7,W
h3,d3,e6,e7,W
h4,d3,e6,e7,W
h5,d3,e6,e7,W
h6,d3,e6,e7,W
g7,d3,e6,e7,W
h7,d3,e6,e7,W
g8,d3,e6,e7,W
h8,d3,e6,e7,W
a1,d3,e6,e7,B
b1,d3,e6,e7,B
c1,d3,e6,e7,B
d1,d3,e6,e7,B
e1,d3,e6,e7,B
f1,d3,e6,e7,B
g1,d3,e6,e7,B
h1,d3,e6,e7,B
a2,d3,e6,e7,B
b2,d3,e6,e7,B
c2,d3,e6,e7,B
d2,d3,e6,e7,B
e2,d3,e6,e7,B
f2,d3,e6,e7,B
g2,d3,e6,e7,B
h2,d3,e6,e7,B
a3,d3,e6,e7,B
g3,d3,e6,e7,B
h3,d3,e6,e7,B
a4,d3,e6,e7,B
e4,d3,e6,e7,B
g4,d3,e6,e7,B
h4,d3,e6,e7,B
a5,d3,e6,e7,B
g5,d3,e6,e7,B
h5,d3,e6,e7,B
a6,d3,e6,e7,B
g6,d3,e6,e7,B
h6,d3,e6,e7,B
a7,d3,e6,e7,B
g7,d3,e6,e7,B
h7,d3,e6,e7,B
a8,d3,e6,e7,B
b8,d3,e6,e7,B
c8,d3,e6,e7,B
g8,d3,e6,e7,B
h8,d3,e6,e7,B
a1,d3,e6,f7,B
b1,d3,e6,f7,B
c1,d3,e6,f7,B
d1,d3,e6,f7,B
e1,d3,e6,f7,B
f1,d3,e6,f7,B
g1,d3,e6,f7,B
h1,d3,e6,f7,B
a2,d3,e6,f7,B
b2,d3,e6,f7,B
c2,d3,e6,f7,B
d2,d3,e6,f7,B
e2,d3,e6,f7,B
f2,d3,e6,f7,B
g2,d3,e6,f7,B
h2,d3,e6,f7,B
a3,d3,e6,f7,B
g3,d3,e6,f7,B
h3,d3,e6,f7,B
a4,d3,e6,f7,B
e4,d3,e6,f7,B
g4,d3,e6,f7,B
h4,d3,e6,f7,B
a5,d3,e6,f7,B
g5,d3,e6,f7,B
h5,d3,e6,f7,B
a6,d3,e6,f7,B
h6,d3,e6,f7,B
a7,d3,e6,f7,B
h7,d3,e6,f7,B
a8,d3,e6,f7,B
b8,d3,e6,f7,B
c8,d3,e6,f7,B
d8,d3,e6,f7,B
h8,d3,e6,f7,B
a1,d3,e6,g7,B
b1,d3,e6,g7,B
c1,d3,e6,g7,B
d1,d3,e6,g7,B
e1,d3,e6,g7,B
f1,d3,e6,g7,B
g1,d3,e6,g7,B
h1,d3,e6,g7,B
h2,d3,e6,g7,B
h3,d3,e6,g7,B
h4,d3,e6,g7,B
h5,d3,e6,g7,B
a1,d3,e6,d8,B
b1,d3,e6,d8,B
c1,d3,e6,d8,B
d1,d3,e6,d8,B
e1,d3,e6,d8,B
f1,d3,e6,d8,B
g1,d3,e6,d8,B
h1,d3,e6,d8,B
h2,d3,e6,d8,B
h3,d3,e6,d8,B
h4,d3,e6,d8,B
h5,d3,e6,d8,B
h6,d3,e6,d8,B
g7,d3,e6,d8,B
h7,d3,e6,d8,B
g8,d3,e6,d8,B
h8,d3,e6,d8,B
a1,d3,e6,e8,B
b1,d3,e6,e8,B
c1,d3,e6,e8,B
d1,d3,e6,e8,B
e1,d3,e6,e8,B
f1,d3,e6,e8,B
g1,d3,e6,e8,B
h1,d3,e6,e8,B
h2,d3,e6,e8,B
h3,d3,e6,e8,B
h4,d3,e6,e8,B
h5,d3,e6,e8,B
h6,d3,e6,e8,B
g7,d3,e6,e8,B
h7,d3,e6,e8,B
g8,d3,e6,e8,B
h8,d3,e6,e8,B
a1,d3,e6,f8,B
b1,d3,e6,f8,B
c1,d3,e6,f8,B
d1,d3,e6,f8,B
e1,d3,e6,f8,B
f1,d3,e6,f8,B
g1,d3,e6,f8,B
h1,d3,e6,f8,B
h2,d3,e6,f8,B
h3,d3,e6,f8,B
h4,d3,e6,f8,B
h5,d3,e6,f8,B
h6,d3,e6,f8,B
h7,d3,e6,f8,B
h8,d3,e6,f8,B
a1,d3,e7,d6,B
b1,d3,e7,d6,B
c1,d3,e7,d6,B
d1,d3,e7,d6,B
e1,d3,e7,d6,B
f1,d3,e7,d6,B
g1,d3,e7,d6,B
h1,d3,e7,d6,B
a2,d3,e7,d6,B
b2,d3,e7,d6,B
c2,d3,e7,d6,B
d2,d3,e7,d6,B
e2,d3,e7,d6,B
f2,d3,e7,d6,B
g2,d3,e7,d6,B
h2,d3,e7,d6,B
a3,d3,e7,d6,B
e3,d3,e7,d6,B
f3,d3,e7,d6,B
g3,d3,e7,d6,B
h3,d3,e7,d6,B
a4,d3,e7,d6,B
g4,d3,e7,d6,B
h4,d3,e7,d6,B
a5,d3,e7,d6,B
g5,d3,e7,d6,B
h5,d3,e7,d6,B
a6,d3,e7,d6,B
g6,d3,e7,d6,B
h6,d3,e7,d6,B
a7,d3,e7,d6,B
g7,d3,e7,d6,B
h7,d3,e7,d6,B
a8,d3,e7,d6,B
g8,d3,e7,d6,B
h8,d3,e7,d6,B
a1,d3,e7,e6,B
b1,d3,e7,e6,B
c1,d3,e7,e6,B
d1,d3,e7,e6,B
e1,d3,e7,e6,B
f1,d3,e7,e6,B
g1,d3,e7,e6,B
h1,d3,e7,e6,B
a2,d3,e7,e6,B
b2,d3,e7,e6,B
c2,d3,e7,e6,B
d2,d3,e7,e6,B
e2,d3,e7,e6,B
f2,d3,e7,e6,B
g2,d3,e7,e6,B
h2,d3,e7,e6,B
a3,d3,e7,e6,B
e3,d3,e7,e6,B
f3,d3,e7,e6,B
g3,d3,e7,e6,B
h3,d3,e7,e6,B
a4,d3,e7,e6,B
g4,d3,e7,e6,B
h4,d3,e7,e6,B
a5,d3,e7,e6,B
g5,d3,e7,e6,B
h5,d3,e7,e6,B
a6,d3,e7,e6,B
g6,d3,e7,e6,B
h6,d3,e7,e6,B
a7,d3,e7,e6,B
g7,d3,e7,e6,B
h7,d3,e7,e6,B
a8,d3,e7,e6,B
g8,d3,e7,e6,B
h8,d3,e7,e6,B
a1,d3,e7,f6,B
b1,d3,e7,f6,B
c1,d3,e7,f6,B
d1,d3,e7,f6,B
e1,d3,e7,f6,B
f1,d3,e7,f6,B
g1,d3,e7,f6,B
h1,d3,e7,f6,B
a2,d3,e7,f6,B
b2,d3,e7,f6,B
c2,d3,e7,f6,B
d2,d3,e7,f6,B
e2,d3,e7,f6,B
f2,d3,e7,f6,B
g2,d3,e7,f6,B
h2,d3,e7,f6,B
a3,d3,e7,f6,B
e3,d3,e7,f6,B
f3,d3,e7,f6,B
g3,d3,e7,f6,B
h3,d3,e7,f6,B
a4,d3,e7,f6,B
g4,d3,e7,f6,B
h4,d3,e7,f6,B
a5,d3,e7,f6,B
h5,d3,e7,f6,B
a6,d3,e7,f6,B
h6,d3,e7,f6,B
a7,d3,e7,f6,B
h7,d3,e7,f6,B
a8,d3,e7,f6,B
g8,d3,e7,f6,B
h8,d3,e7,f6,B
a1,d3,e7,d7,B
b1,d3,e7,d7,B
c1,d3,e7,d7,B
d1,d3,e7,d7,B
e1,d3,e7,d7,B
f1,d3,e7,d7,B
g1,d3,e7,d7,B
h1,d3,e7,d7,B
a2,d3,e7,d7,B
b2,d3,e7,d7,B
c2,d3,e7,d7,B
d2,d3,e7,d7,B
e2,d3,e7,d7,B
f2,d3,e7,d7,B
g2,d3,e7,d7,B
h2,d3,e7,d7,B
a3,d3,e7,d7,B
e3,d3,e7,d7,B
f3,d3,e7,d7,B
g3,d3,e7,d7,B
h3,d3,e7,d7,B
a4,d3,e7,d7,B
g4,d3,e7,d7,B
h4,d3,e7,d7,B
a5,d3,e7,d7,B
g5,d3,e7,d7,B
h5,d3,e7,d7,B
a6,d3,e7,d7,B
g6,d3,e7,d7,B
h6,d3,e7,d7,B
a7,d3,e7,d7,B
g7,d3,e7,d7,B
h7,d3,e7,d7,B
a8,d3,e7,d7,B
g8,d3,e7,d7,B
h8,d3,e7,d7,B
a1,d3,e7,f7,B
b1,d3,e7,f7,B
c1,d3,e7,f7,B
d1,d3,e7,f7,B
e1,d3,e7,f7,B
f1,d3,e7,f7,B
g1,d3,e7,f7,B
h1,d3,e7,f7,B
a2,d3,e7,f7,B
b2,d3,e7,f7,B
c2,d3,e7,f7,B
d2,d3,e7,f7,B
e2,d3,e7,f7,B
f2,d3,e7,f7,B
g2,d3,e7,f7,B
h2,d3,e7,f7,B
a3,d3,e7,f7,B
e3,d3,e7,f7,B
f3,d3,e7,f7,B
g3,d3,e7,f7,B
h3,d3,e7,f7,B
a4,d3,e7,f7,B
g4,d3,e7,f7,B
h4,d3,e7,f7,B
a5,d3,e7,f7,B
g5,d3,e7,f7,B
h5,d3,e7,f7,B
a6,d3,e7,f7,B
h6,d3,e7,f7,B
a7,d3,e7,f7,B
h7,d3,e7,f7,B
a8,d3,e7,f7,B
h8,d3,e7,f7,B
a1,d3,e7,d8,B
b1,d3,e7,d8,B
c1,d3,e7,d8,B
d1,d3,e7,d8,B
e1,d3,e7,d8,B
f1,d3,e7,d8,B
g1,d3,e7,d8,B
h1,d3,e7,d8,B
a2,d3,e7,d8,B
b2,d3,e7,d8,B
c2,d3,e7,d8,B
d2,d3,e7,d8,B
e2,d3,e7,d8,B
f2,d3,e7,d8,B
g2,d3,e7,d8,B
h2,d3,e7,d8,B
a3,d3,e7,d8,B
e3,d3,e7,d8,B
f3,d3,e7,d8,B
g3,d3,e7,d8,B
h3,d3,e7,d8,B
a4,d3,e7,d8,B
g4,d3,e7,d8,B
h4,d3,e7,d8,B
a5,d3,e7,d8,B
g5,d3,e7,d8,B
h5,d3,e7,d8,B
a6,d3,e7,d8,B
g6,d3,e7,d8,B
h6,d3,e7,d8,B
a7,d3,e7,d8,B
g7,d3,e7,d8,B
h7,d3,e7,d8,B
a8,d3,e7,d8,B
g8,d3,e7,d8,B
h8,d3,e7,d8,B
a1,d3,e7,e8,W
b1,d3,e7,e8,W
c1,d3,e7,e8,W
d1,d3,e7,e8,W
e1,d3,e7,e8,W
f1,d3,e7,e8,W
g1,d3,e7,e8,W
h1,d3,e7,e8,W
e2,d3,e7,e8,W
f2,d3,e7,e8,W
g2,d3,e7,e8,W
h2,d3,e7,e8,W
h3,d3,e7,e8,W
h4,d3,e7,e8,W
h5,d3,e7,e8,W
h6,d3,e7,e8,W
h7,d3,e7,e8,W
g8,d3,e7,e8,W
h8,d3,e7,e8,W
a1,d3,e7,e8,B
b1,d3,e7,e8,B
c1,d3,e7,e8,B
d1,d3,e7,e8,B
e1,d3,e7,e8,B
f1,d3,e7,e8,B
g1,d3,e7,e8,B
h1,d3,e7,e8,B
a2,d3,e7,e8,B
b2,d3,e7,e8,B
c2,d3,e7,e8,B
d2,d3,e7,e8,B
e2,d3,e7,e8,B
f2,d3,e7,e8,B
g2,d3,e7,e8,B
h2,d3,e7,e8,B
a3,d3,e7,e8,B
e3,d3,e7,e8,B
f3,d3,e7,e8,B
g3,d3,e7,e8,B
h3,d3,e7,e8,B
a4,d3,e7,e8,B
g4,d3,e7,e8,B
h4,d3,e7,e8,B
a5,d3,e7,e8,B
g5,d3,e7,e8,B
h5,d3,e7,e8,B
a6,d3,e7,e8,B
e6,d3,e7,e8,B
g6,d3,e7,e8,B
h6,d3,e7,e8,B
a7,d3,e7,e8,B
g7,d3,e7,e8,B
h7,d3,e7,e8,B
a8,d3,e7,e8,B
g8,d3,e7,e8,B
h8,d3,e7,e8,B
a1,d3,e7,f8,B
b1,d3,e7,f8,B
c1,d3,e7,f8,B
d1,d3,e7,f8,B
e1,d3,e7,f8,B
f1,d3,e7,f8,B
g1,d3,e7,f8,B
h1,d3,e7,f8,B
a2,d3,e7,f8,B
b2,d3,e7,f8,B
c2,d3,e7,f8,B
d2,d3,e7,f8,B
e2,d3,e7,f8,B
f2,d3,e7,f8,B
g2,d3,e7,f8,B
h2,d3,e7,f8,B
a3,d3,e7,f8,B
e3,d3,e7,f8,B
f3,d3,e7,f8,B
g3,d3,e7,f8,B
h3,d3,e7,f8,B
a4,d3,e7,f8,B
g4,d3,e7,f8,B
h4,d3,e7,f8,B
a5,d3,e7,f8,B
g5,d3,e7,f8,B
h5,d3,e7,f8,B
a6,d3,e7,f8,B
g6,d3,e7,f8,B
h6,d3,e7,f8,B
a7,d3,e7,f8,B
h7,d3,e7,f8,B
a8,d3,e7,f8,B
h8,d3,e7,f8,B
a1,d4,e2,c3,B
b1,d4,e2,c3,B
c1,d4,e2,c3,B
d1,d4,e2,c3,B
e1,d4,e2,c3,B
f1,d4,e2,c3,B
g1,d4,e2,c3,B
h1,d4,e2,c3,B
a2,d4,e2,c3,B
h2,d4,e2,c3,B
a3,d4,e2,c3,B
h3,d4,e2,c3,B
a4,d4,e2,c3,B
h4,d4,e2,c3,B
a5,d4,e2,c3,B
b5,d4,e2,c3,B
h5,d4,e2,c3,B
a6,d4,e2,c3,B
b6,d4,e2,c3,B
c6,d4,e2,c3,B
d6,d4,e2,c3,B
e6,d4,e2,c3,B
f6,d4,e2,c3,B
g6,d4,e2,c3,B
h6,d4,e2,c3,B
a7,d4,e2,c3,B
b7,d4,e2,c3,B
c7,d4,e2,c3,B
d7,d4,e2,c3,B
e7,d4,e2,c3,B
f7,d4,e2,c3,B
g7,d4,e2,c3,B
h7,d4,e2,c3,B
a8,d4,e2,c3,B
b8,d4,e2,c3,B
c8,d4,e2,c3,B
d8,d4,e2,c3,B
e8,d4,e2,c3,B
f8,d4,e2,c3,B
g8,d4,e2,c3,B
h8,d4,e2,c3,B
a1,d4,e2,d3,B
b1,d4,e2,d3,B
c1,d4,e2,d3,B
d1,d4,e2,d3,B
e1,d4,e2,d3,B
f1,d4,e2,d3,B
g1,d4,e2,d3,B
h1,d4,e2,d3,B
a2,d4,e2,d3,B
b2,d4,e2,d3,B
h2,d4,e2,d3,B
a3,d4,e2,d3,B
b3,d4,e2,d3,B
h3,d4,e2,d3,B
a4,d4,e2,d3,B
b4,d4,e2,d3,B
h4,d4,e2,d3,B
a5,d4,e2,d3,B
b5,d4,e2,d3,B
h5,d4,e2,d3,B
a6,d4,e2,d3,B
b6,d4,e2,d3,B
c6,d4,e2,d3,B
d6,d4,e2,d3,B
e6,d4,e2,d3,B
f6,d4,e2,d3,B
g6,d4,e2,d3,B
h6,d4,e2,d3,B
a7,d4,e2,d3,B
b7,d4,e2,d3,B
c7,d4,e2,d3,B
d7,d4,e2,d3,B
e7,d4,e2,d3,B
f7,d4,e2,d3,B
g7,d4,e2,d3,B
h7,d4,e2,d3,B
a8,d4,e2,d3,B
b8,d4,e2,d3,B
c8,d4,e2,d3,B
d8,d4,e2,d3,B
e8,d4,e2,d3,B
f8,d4,e2,d3,B
g8,d4,e2,d3,B
h8,d4,e2,d3,B
a1,d4,e2,e3,B
b1,d4,e2,e3,B
c1,d4,e2,e3,B
d1,d4,e2,e3,B
e1,d4,e2,e3,B
f1,d4,e2,e3,B
g1,d4,e2,e3,B
h1,d4,e2,e3,B
a2,d4,e2,e3,B
b2,d4,e2,e3,B
c2,d4,e2,e3,B
h2,d4,e2,e3,B
a3,d4,e2,e3,B
b3,d4,e2,e3,B
h3,d4,e2,e3,B
a4,d4,e2,e3,B
b4,d4,e2,e3,B
h4,d4,e2,e3,B
a5,d4,e2,e3,B
b5,d4,e2,e3,B
h5,d4,e2,e3,B
a6,d4,e2,e3,B
b6,d4,e2,e3,B
c6,d4,e2,e3,B
d6,d4,e2,e3,B
e6,d4,e2,e3,B
f6,d4,e2,e3,B
g6,d4,e2,e3,B
h6,d4,e2,e3,B
a7,d4,e2,e3,B
b7,d4,e2,e3,B
c7,d4,e2,e3,B
d7,d4,e2,e3,B
e7,d4,e2,e3,B
f7,d4,e2,e3,B
g7,d4,e2,e3,B
h7,d4,e2,e3,B
a8,d4,e2,e3,B
b8,d4,e2,e3,B
c8,d4,e2,e3,B
d8,d4,e2,e3,B
e8,d4,e2,e3,B
f8,d4,e2,e3,B
g8,d4,e2,e3,B
h8,d4,e2,e3,B
a1,d4,e2,c4,B
b1,d4,e2,c4,B
c1,d4,e2,c4,B
d1,d4,e2,c4,B
e1,d4,e2,c4,B
f1,d4,e2,c4,B
g1,d4,e2,c4,B
h1,d4,e2,c4,B
a2,d4,e2,c4,B
b2,d4,e2,c4,B
c2,d4,e2,c4,B
d2,d4,e2,c4,B
h2,d4,e2,c4,B
a3,d4,e2,c4,B
h3,d4,e2,c4,B
a4,d4,e2,c4,B
h4,d4,e2,c4,B
a5,d4,e2,c4,B
h5,d4,e2,c4,B
a6,d4,e2,c4,B
b6,d4,e2,c4,B
c6,d4,e2,c4,B
d6,d4,e2,c4,B
e6,d4,e2,c4,B
f6,d4,e2,c4,B
g6,d4,e2,c4,B
h6,d4,e2,c4,B
a7,d4,e2,c4,B
b7,d4,e2,c4,B
c7,d4,e2,c4,B
d7,d4,e2,c4,B
e7,d4,e2,c4,B
f7,d4,e2,c4,B
g7,d4,e2,c4,B
h7,d4,e2,c4,B
a8,d4,e2,c4,B
b8,d4,e2,c4,B
c8,d4,e2,c4,B
d8,d4,e2,c4,B
e8,d4,e2,c4,B
f8,d4,e2,c4,B
g8,d4,e2,c4,B
h8,d4,e2,c4,B
a1,d4,e2,e4,B
b1,d4,e2,e4,B
c1,d4,e2,e4,B
d1,d4,e2,e4,B
e1,d4,e2,e4,B
f1,d4,e2,e4,B
g1,d4,e2,e4,B
h1,d4,e2,e4,B
a2,d4,e2,e4,B
b2,d4,e2,e4,B
c2,d4,e2,e4,B
d2,d4,e2,e4,B
h2,d4,e2,e4,B
a3,d4,e2,e4,B
b3,d4,e2,e4,B
h3,d4,e2,e4,B
a4,d4,e2,e4,B
b4,d4,e2,e4,B
h4,d4,e2,e4,B
a5,d4,e2,e4,B
b5,d4,e2,e4,B
h5,d4,e2,e4,B
a6,d4,e2,e4,B
b6,d4,e2,e4,B
c6,d4,e2,e4,B
d6,d4,e2,e4,B
e6,d4,e2,e4,B
f6,d4,e2,e4,B
g6,d4,e2,e4,B
h6,d4,e2,e4,B
a7,d4,e2,e4,B
b7,d4,e2,e4,B
c7,d4,e2,e4,B
d7,d4,e2,e4,B
e7,d4,e2,e4,B
f7,d4,e2,e4,B
g7,d4,e2,e4,B
h7,d4,e2,e4,B
a8,d4,e2,e4,B
b8,d4,e2,e4,B
c8,d4,e2,e4,B
d8,d4,e2,e4,B
e8,d4,e2,e4,B
f8,d4,e2,e4,B
g8,d4,e2,e4,B
h8,d4,e2,e4,B
a1,d4,e2,c5,B
b1,d4,e2,c5,B
c1,d4,e2,c5,B
d1,d4,e2,c5,B
e1,d4,e2,c5,B
f1,d4,e2,c5,B
g1,d4,e2,c5,B
h1,d4,e2,c5,B
a2,d4,e2,c5,B
b2,d4,e2,c5,B
c2,d4,e2,c5,B
d2,d4,e2,c5,B
h2,d4,e2,c5,B
a3,d4,e2,c5,B
b3,d4,e2,c5,B
h3,d4,e2,c5,B
a4,d4,e2,c5,B
h4,d4,e2,c5,B
a5,d4,e2,c5,B
h5,d4,e2,c5,B
a6,d4,e2,c5,B
e6,d4,e2,c5,B
f6,d4,e2,c5,B
g6,d4,e2,c5,B
h6,d4,e2,c5,B
a7,d4,e2,c5,B
b7,d4,e2,c5,B
c7,d4,e2,c5,B
d7,d4,e2,c5,B
e7,d4,e2,c5,B
f7,d4,e2,c5,B
g7,d4,e2,c5,B
h7,d4,e2,c5,B
a8,d4,e2,c5,B
b8,d4,e2,c5,B
c8,d4,e2,c5,B
d8,d4,e2,c5,B
e8,d4,e2,c5,B
f8,d4,e2,c5,B
g8,d4,e2,c5,B
h8,d4,e2,c5,B
a1,d4,e2,d5,B
b1,d4,e2,d5,B
c1,d4,e2,d5,B
d1,d4,e2,d5,B
e1,d4,e2,d5,B
f1,d4,e2,d5,B
g1,d4,e2,d5,B
h1,d4,e2,d5,B
a2,d4,e2,d5,B
b2,d4,e2,d5,B
c2,d4,e2,d5,B
d2,d4,e2,d5,B
h2,d4,e2,d5,B
a3,d4,e2,d5,B
b3,d4,e2,d5,B
h3,d4,e2,d5,B
a4,d4,e2,d5,B
b4,d4,e2,d5,B
h4,d4,e2,d5,B
a5,d4,e2,d5,B
b5,d4,e2,d5,B
h5,d4,e2,d5,B
a6,d4,e2,d5,B
b6,d4,e2,d5,B
f6,d4,e2,d5,B
g6,d4,e2,d5,B
h6,d4,e2,d5,B
a7,d4,e2,d5,B
b7,d4,e2,d5,B
c7,d4,e2,d5,B
d7,d4,e2,d5,B
e7,d4,e2,d5,B
f7,d4,e2,d5,B
g7,d4,e2,d5,B
h7,d4,e2,d5,B
a8,d4,e2,d5,B
b8,d4,e2,d5,B
c8,d4,e2,d5,B
d8,d4,e2,d5,B
e8,d4,e2,d5,B
f8,d4,e2,d5,B
g8,d4,e2,d5,B
h8,d4,e2,d5,B
a1,d4,e2,e5,B
b1,d4,e2,e5,B
c1,d4,e2,e5,B
d1,d4,e2,e5,B
e1,d4,e2,e5,B
f1,d4,e2,e5,B
g1,d4,e2,e5,B
h1,d4,e2,e5,B
a2,d4,e2,e5,B
b2,d4,e2,e5,B
c2,d4,e2,e5,B
d2,d4,e2,e5,B
h2,d4,e2,e5,B
a3,d4,e2,e5,B
b3,d4,e2,e5,B
h3,d4,e2,e5,B
a4,d4,e2,e5,B
b4,d4,e2,e5,B
h4,d4,e2,e5,B
a5,d4,e2,e5,B
b5,d4,e2,e5,B
h5,d4,e2,e5,B
a6,d4,e2,e5,B
b6,d4,e2,e5,B
c6,d4,e2,e5,B
g6,d4,e2,e5,B
h6,d4,e2,e5,B
a7,d4,e2,e5,B
b7,d4,e2,e5,B
c7,d4,e2,e5,B
d7,d4,e2,e5,B
e7,d4,e2,e5,B
f7,d4,e2,e5,B
g7,d4,e2,e5,B
h7,d4,e2,e5,B
a8,d4,e2,e5,B
b8,d4,e2,e5,B
c8,d4,e2,e5,B
d8,d4,e2,e5,B
e8,d4,e2,e5,B
f8,d4,e2,e5,B
g8,d4,e2,e5,B
h8,d4,e2,e5,B
a1,d4,e4,c3,B
b1,d4,e4,c3,B
c1,d4,e4,c3,B
d1,d4,e4,c3,B
e1,d4,e4,c3,B
f1,d4,e4,c3,B
g1,d4,e4,c3,B
h1,d4,e4,c3,B
a2,d4,e4,c3,B
e2,d4,e4,c3,B
f2,d4,e4,c3,B
g2,d4,e4,c3,B
h2,d4,e4,c3,B
a3,d4,e4,c3,B
h3,d4,e4,c3,B
a4,d4,e4,c3,B
h4,d4,e4,c3,B
a5,d4,e4,c3,B
b5,d4,e4,c3,B
h5,d4,e4,c3,B
a6,d4,e4,c3,B
b6,d4,e4,c3,B
c6,d4,e4,c3,B
h6,d4,e4,c3,B
a7,d4,e4,c3,B
b7,d4,e4,c3,B
c7,d4,e4,c3,B
d7,d4,e4,c3,B
e7,d4,e4,c3,B
f7,d4,e4,c3,B
g7,d4,e4,c3,B
h7,d4,e4,c3,B
a8,d4,e4,c3,B
b8,d4,e4,c3,B
c8,d4,e4,c3,B
d8,d4,e4,c3,B
e8,d4,e4,c3,B
f8,d4,e4,c3,B
g8,d4,e4,c3,B
h8,d4,e4,c3,B
a1,d4,e4,d3,B
b1,d4,e4,d3,B
c1,d4,e4,d3,B
d1,d4,e4,d3,B
e1,d4,e4,d3,B
f1,d4,e4,d3,B
g1,d4,e4,d3,B
h1,d4,e4,d3,B
a2,d4,e4,d3,B
b2,d4,e4,d3,B
f2,d4,e4,d3,B
g2,d4,e4,d3,B
h2,d4,e4,d3,B
a3,d4,e4,d3,B
b3,d4,e4,d3,B
g3,d4,e4,d3,B
h3,d4,e4,d3,B
a4,d4,e4,d3,B
b4,d4,e4,d3,B
g4,d4,e4,d3,B
h4,d4,e4,d3,B
a5,d4,e4,d3,B
b5,d4,e4,d3,B
g5,d4,e4,d3,B
h5,d4,e4,d3,B
a6,d4,e4,d3,B
b6,d4,e4,d3,B
c6,d4,e4,d3,B
f6,d4,e4,d3,B
g6,d4,e4,d3,B
h6,d4,e4,d3,B
a7,d4,e4,d3,B
b7,d4,e4,d3,B
c7,d4,e4,d3,B
d7,d4,e4,d3,B
e7,d4,e4,d3,B
f7,d4,e4,d3,B
g7,d4,e4,d3,B
h7,d4,e4,d3,B
a8,d4,e4,d3,B
b8,d4,e4,d3,B
c8,d4,e4,d3,B
d8,d4,e4,d3,B
e8,d4,e4,d3,B
f8,d4,e4,d3,B
g8,d4,e4,d3,B
h8,d4,e4,d3,B
a1,d4,e4,e3,B
b1,d4,e4,e3,B
c1,d4,e4,e3,B
d1,d4,e4,e3,B
e1,d4,e4,e3,B
f1,d4,e4,e3,B
g1,d4,e4,e3,B
h1,d4,e4,e3,B
a2,d4,e4,e3,B
b2,d4,e4,e3,B
c2,d4,e4,e3,B
g2,d4,e4,e3,B
h2,d4,e4,e3,B
a3,d4,e4,e3,B
b3,d4,e4,e3,B
g3,d4,e4,e3,B
h3,d4,e4,e3,B
a4,d4,e4,e3,B
b4,d4,e4,e3,B
g4,d4,e4,e3,B
h4,d4,e4,e3,B
a5,d4,e4,e3,B
b5,d4,e4,e3,B
g5,d4,e4,e3,B
h5,d4,e4,e3,B
a6,d4,e4,e3,B
b6,d4,e4,e3,B
c6,d4,e4,e3,B
f6,d4,e4,e3,B
g6,d4,e4,e3,B
h6,d4,e4,e3,B
a7,d4,e4,e3,B
b7,d4,e4,e3,B
c7,d4,e4,e3,B
d7,d4,e4,e3,B
e7,d4,e4,e3,B
f7,d4,e4,e3,B
g7,d4,e4,e3,B
h7,d4,e4,e3,B
a8,d4,e4,e3,B
b8,d4,e4,e3,B
c8,d4,e4,e3,B
d8,d4,e4,e3,B
e8,d4,e4,e3,B
f8,d4,e4,e3,B
g8,d4,e4,e3,B
h8,d4,e4,e3,B
a1,d4,e4,f3,B
b1,d4,e4,f3,B
c1,d4,e4,f3,B
d1,d4,e4,f3,B
e1,d4,e4,f3,B
f1,d4,e4,f3,B
g1,d4,e4,f3,B
h1,d4,e4,f3,B
a2,d4,e4,f3,B
b2,d4,e4,f3,B
c2,d4,e4,f3,B
d2,d4,e4,f3,B
h2,d4,e4,f3,B
a3,d4,e4,f3,B
h3,d4,e4,f3,B
a4,d4,e4,f3,B
h4,d4,e4,f3,B
a5,d4,e4,f3,B
g5,d4,e4,f3,B
h5,d4,e4,f3,B
a6,d4,e4,f3,B
f6,d4,e4,f3,B
g6,d4,e4,f3,B
h6,d4,e4,f3,B
a7,d4,e4,f3,B
b7,d4,e4,f3,B
c7,d4,e4,f3,B
d7,d4,e4,f3,B
e7,d4,e4,f3,B
f7,d4,e4,f3,B
g7,d4,e4,f3,B
h7,d4,e4,f3,B
a8,d4,e4,f3,B
b8,d4,e4,f3,B
c8,d4,e4,f3,B
d8,d4,e4,f3,B
e8,d4,e4,f3,B
f8,d4,e4,f3,B
g8,d4,e4,f3,B
h8,d4,e4,f3,B
a1,d4,e4,c4,B
b1,d4,e4,c4,B
c1,d4,e4,c4,B
d1,d4,e4,c4,B
e1,d4,e4,c4,B
f1,d4,e4,c4,B
g1,d4,e4,c4,B
h1,d4,e4,c4,B
a2,d4,e4,c4,B
b2,d4,e4,c4,B
c2,d4,e4,c4,B
d2,d4,e4,c4,B
e2,d4,e4,c4,B
f2,d4,e4,c4,B
g2,d4,e4,c4,B
h2,d4,e4,c4,B
a3,d4,e4,c4,B
h3,d4,e4,c4,B
a4,d4,e4,c4,B
h4,d4,e4,c4,B
a5,d4,e4,c4,B
h5,d4,e4,c4,B
a6,d4,e4,c4,B
b6,d4,e4,c4,B
c6,d4,e4,c4,B
h6,d4,e4,c4,B
a7,d4,e4,c4,B
b7,d4,e4,c4,B
c7,d4,e4,c4,B
d7,d4,e4,c4,B
e7,d4,e4,c4,B
f7,d4,e4,c4,B
g7,d4,e4,c4,B
h7,d4,e4,c4,B
a8,d4,e4,c4,B
b8,d4,e4,c4,B
c8,d4,e4,c4,B
d8,d4,e4,c4,B
e8,d4,e4,c4,B
f8,d4,e4,c4,B
g8,d4,e4,c4,B
h8,d4,e4,c4,B
a1,d4,e4,f4,B
b1,d4,e4,f4,B
c1,d4,e4,f4,B
d1,d4,e4,f4,B
e1,d4,e4,f4,B
f1,d4,e4,f4,B
g1,d4,e4,f4,B
h1,d4,e4,f4,B
a2,d4,e4,f4,B
b2,d4,e4,f4,B
c2,d4,e4,f4,B
d2,d4,e4,f4,B
e2,d4,e4,f4,B
f2,d4,e4,f4,B
g2,d4,e4,f4,B
h2,d4,e4,f4,B
a3,d4,e4,f4,B
h3,d4,e4,f4,B
a4,d4,e4,f4,B
h4,d4,e4,f4,B
a5,d4,e4,f4,B
h5,d4,e4,f4,B
a6,d4,e4,f4,B
f6,d4,e4,f4,B
g6,d4,e4,f4,B
h6,d4,e4,f4,B
a7,d4,e4,f4,B
b7,d4,e4,f4,B
c7,d4,e4,f4,B
d7,d4,e4,f4,B
e7,d4,e4,f4,B
f7,d4,e4,f4,B
g7,d4,e4,f4,B
h7,d4,e4,f4,B
a8,d4,e4,f4,B
b8,d4,e4,f4,B
c8,d4,e4,f4,B
d8,d4,e4,f4,B
e8,d4,e4,f4,B
f8,d4,e4,f4,B
g8,d4,e4,f4,B
h8,d4,e4,f4,B
a1,d4,e4,c5,B
b1,d4,e4,c5,B
c1,d4,e4,c5,B
d1,d4,e4,c5,B
e1,d4,e4,c5,B
f1,d4,e4,c5,B
g1,d4,e4,c5,B
h1,d4,e4,c5,B
a2,d4,e4,c5,B
b2,d4,e4,c5,B
c2,d4,e4,c5,B
d2,d4,e4,c5,B
e2,d4,e4,c5,B
f2,d4,e4,c5,B
g2,d4,e4,c5,B
h2,d4,e4,c5,B
a3,d4,e4,c5,B
b3,d4,e4,c5,B
h3,d4,e4,c5,B
a4,d4,e4,c5,B
h4,d4,e4,c5,B
a5,d4,e4,c5,B
h5,d4,e4,c5,B
a6,d4,e4,c5,B
h6,d4,e4,c5,B
a7,d4,e4,c5,B
b7,d4,e4,c5,B
c7,d4,e4,c5,B
d7,d4,e4,c5,B
e7,d4,e4,c5,B
f7,d4,e4,c5,B
g7,d4,e4,c5,B
h7,d4,e4,c5,B
a8,d4,e4,c5,B
b8,d4,e4,c5,B
c8,d4,e4,c5,B
d8,d4,e4,c5,B
e8,d4,e4,c5,B
f8,d4,e4,c5,B
g8,d4,e4,c5,B
h8,d4,e4,c5,B
a1,d4,e4,d5,B
b1,d4,e4,d5,B
c1,d4,e4,d5,B
d1,d4,e4,d5,B
e1,d4,e4,d5,B
f1,d4,e4,d5,B
g1,d4,e4,d5,B
h1,d4,e4,d5,B
a2,d4,e4,d5,B
b2,d4,e4,d5,B
c2,d4,e4,d5,B
d2,d4,e4,d5,B
e2,d4,e4,d5,B
f2,d4,e4,d5,B
g2,d4,e4,d5,B
h2,d4,e4,d5,B
a3,d4,e4,d5,B
b3,d4,e4,d5,B
g3,d4,e4,d5,B
h3,d4,e4,d5,B
a4,d4,e4,d5,B
b4,d4,e4,d5,B
g4,d4,e4,d5,B
h4,d4,e4,d5,B
a5,d4,e4,d5,B
b5,d4,e4,d5,B
g5,d4,e4,d5,B
h5,d4,e4,d5,B
a6,d4,e4,d5,B
b6,d4,e4,d5,B
f6,d4,e4,d5,B
g6,d4,e4,d5,B
h6,d4,e4,d5,B
a7,d4,e4,d5,B
b7,d4,e4,d5,B
c7,d4,e4,d5,B
d7,d4,e4,d5,B
e7,d4,e4,d5,B
f7,d4,e4,d5,B
g7,d4,e4,d5,B
h7,d4,e4,d5,B
a8,d4,e4,d5,B
b8,d4,e4,d5,B
c8,d4,e4,d5,B
d8,d4,e4,d5,B
e8,d4,e4,d5,B
f8,d4,e4,d5,B
g8,d4,e4,d5,B
h8,d4,e4,d5,B
a1,d4,e4,e5,B
b1,d4,e4,e5,B
c1,d4,e4,e5,B
d1,d4,e4,e5,B
e1,d4,e4,e5,B
f1,d4,e4,e5,B
g1,d4,e4,e5,B
h1,d4,e4,e5,B
a2,d4,e4,e5,B
b2,d4,e4,e5,B
c2,d4,e4,e5,B
d2,d4,e4,e5,B
e2,d4,e4,e5,B
f2,d4,e4,e5,B
g2,d4,e4,e5,B
h2,d4,e4,e5,B
a3,d4,e4,e5,B
b3,d4,e4,e5,B
g3,d4,e4,e5,B
h3,d4,e4,e5,B
a4,d4,e4,e5,B
b4,d4,e4,e5,B
g4,d4,e4,e5,B
h4,d4,e4,e5,B
a5,d4,e4,e5,B
b5,d4,e4,e5,B
g5,d4,e4,e5,B
h5,d4,e4,e5,B
a6,d4,e4,e5,B
b6,d4,e4,e5,B
c6,d4,e4,e5,B
g6,d4,e4,e5,B
h6,d4,e4,e5,B
a7,d4,e4,e5,B
b7,d4,e4,e5,B
c7,d4,e4,e5,B
d7,d4,e4,e5,B
e7,d4,e4,e5,B
f7,d4,e4,e5,B
g7,d4,e4,e5,B
h7,d4,e4,e5,B
a8,d4,e4,e5,B
b8,d4,e4,e5,B
c8,d4,e4,e5,B
d8,d4,e4,e5,B
e8,d4,e4,e5,B
f8,d4,e4,e5,B
g8,d4,e4,e5,B
h8,d4,e4,e5,B
a1,d4,e4,f5,B
b1,d4,e4,f5,B
c1,d4,e4,f5,B
d1,d4,e4,f5,B
e1,d4,e4,f5,B
f1,d4,e4,f5,B
g1,d4,e4,f5,B
h1,d4,e4,f5,B
a2,d4,e4,f5,B
b2,d4,e4,f5,B
c2,d4,e4,f5,B
d2,d4,e4,f5,B
e2,d4,e4,f5,B
f2,d4,e4,f5,B
g2,d4,e4,f5,B
h2,d4,e4,f5,B
a3,d4,e4,f5,B
g3,d4,e4,f5,B
h3,d4,e4,f5,B
a4,d4,e4,f5,B
h4,d4,e4,f5,B
a5,d4,e4,f5,B
h5,d4,e4,f5,B
a6,d4,e4,f5,B
h6,d4,e4,f5,B
a7,d4,e4,f5,B
b7,d4,e4,f5,B
c7,d4,e4,f5,B
d7,d4,e4,f5,B
e7,d4,e4,f5,B
f7,d4,e4,f5,B
g7,d4,e4,f5,B
h7,d4,e4,f5,B
a8,d4,e4,f5,B
b8,d4,e4,f5,B
c8,d4,e4,f5,B
d8,d4,e4,f5,B
e8,d4,e4,f5,B
f8,d4,e4,f5,B
g8,d4,e4,f5,B
h8,d4,e4,f5,B
a1,d4,e6,d5,B
b1,d4,e6,d5,B
c1,d4,e6,d5,B
d1,d4,e6,d5,B
e1,d4,e6,d5,B
f1,d4,e6,d5,B
g1,d4,e6,d5,B
h1,d4,e6,d5,B
a2,d4,e6,d5,B
b2,d4,e6,d5,B
c2,d4,e6,d5,B
d2,d4,e6,d5,B
e2,d4,e6,d5,B
f2,d4,e6,d5,B
g2,d4,e6,d5,B
h2,d4,e6,d5,B
a3,d4,e6,d5,B
b3,d4,e6,d5,B
c3,d4,e6,d5,B
d3,d4,e6,d5,B
e3,d4,e6,d5,B
f3,d4,e6,d5,B
g3,d4,e6,d5,B
h3,d4,e6,d5,B
a4,d4,e6,d5,B
f4,d4,e6,d5,B
g4,d4,e6,d5,B
h4,d4,e6,d5,B
a5,d4,e6,d5,B
g5,d4,e6,d5,B
h5,d4,e6,d5,B
a6,d4,e6,d5,B
g6,d4,e6,d5,B
h6,d4,e6,d5,B
a7,d4,e6,d5,B
g7,d4,e6,d5,B
h7,d4,e6,d5,B
a8,d4,e6,d5,B
b8,d4,e6,d5,B
c8,d4,e6,d5,B
d8,d4,e6,d5,B
e8,d4,e6,d5,B
f8,d4,e6,d5,B
g8,d4,e6,d5,B
h8,d4,e6,d5,B
a1,d4,e6,e5,B
b1,d4,e6,e5,B
c1,d4,e6,e5,B
d1,d4,e6,e5,B
e1,d4,e6,e5,B
f1,d4,e6,e5,B
g1,d4,e6,e5,B
h1,d4,e6,e5,B
a2,d4,e6,e5,B
b2,d4,e6,e5,B
c2,d4,e6,e5,B
d2,d4,e6,e5,B
e2,d4,e6,e5,B
f2,d4,e6,e5,B
g2,d4,e6,e5,B
h2,d4,e6,e5,B
a3,d4,e6,e5,B
b3,d4,e6,e5,B
c3,d4,e6,e5,B
d3,d4,e6,e5,B
e3,d4,e6,e5,B
f3,d4,e6,e5,B
g3,d4,e6,e5,B
h3,d4,e6,e5,B
a4,d4,e6,e5,B
g4,d4,e6,e5,B
h4,d4,e6,e5,B
a5,d4,e6,e5,B
g5,d4,e6,e5,B
h5,d4,e6,e5,B
a6,d4,e6,e5,B
g6,d4,e6,e5,B
h6,d4,e6,e5,B
a7,d4,e6,e5,B
g7,d4,e6,e5,B
h7,d4,e6,e5,B
a8,d4,e6,e5,B
b8,d4,e6,e5,B
c8,d4,e6,e5,B
d8,d4,e6,e5,B
e8,d4,e6,e5,B
f8,d4,e6,e5,B
g8,d4,e6,e5,B
h8,d4,e6,e5,B
a1,d4,e6,f5,B
b1,d4,e6,f5,B
c1,d4,e6,f5,B
d1,d4,e6,f5,B
e1,d4,e6,f5,B
f1,d4,e6,f5,B
g1,d4,e6,f5,B
h1,d4,e6,f5,B
a2,d4,e6,f5,B
b2,d4,e6,f5,B
c2,d4,e6,f5,B
d2,d4,e6,f5,B
e2,d4,e6,f5,B
f2,d4,e6,f5,B
g2,d4,e6,f5,B
h2,d4,e6,f5,B
a3,d4,e6,f5,B
b3,d4,e6,f5,B
c3,d4,e6,f5,B
d3,d4,e6,f5,B
e3,d4,e6,f5,B
f3,d4,e6,f5,B
g3,d4,e6,f5,B
h3,d4,e6,f5,B
a4,d4,e6,f5,B
h4,d4,e6,f5,B
a5,d4,e6,f5,B
h5,d4,e6,f5,B
a6,d4,e6,f5,B
h6,d4,e6,f5,B
a7,d4,e6,f5,B
g7,d4,e6,f5,B
h7,d4,e6,f5,B
a8,d4,e6,f5,B
b8,d4,e6,f5,B
c8,d4,e6,f5,B
d8,d4,e6,f5,B
e8,d4,e6,f5,B
f8,d4,e6,f5,B
g8,d4,e6,f5,B
h8,d4,e6,f5,B
a1,d4,e6,d6,B
b1,d4,e6,d6,B
c1,d4,e6,d6,B
d1,d4,e6,d6,B
e1,d4,e6,d6,B
f1,d4,e6,d6,B
g1,d4,e6,d6,B
h1,d4,e6,d6,B
a2,d4,e6,d6,B
b2,d4,e6,d6,B
c2,d4,e6,d6,B
d2,d4,e6,d6,B
e2,d4,e6,d6,B
f2,d4,e6,d6,B
g2,d4,e6,d6,B
h2,d4,e6,d6,B
a3,d4,e6,d6,B
b3,d4,e6,d6,B
c3,d4,e6,d6,B
d3,d4,e6,d6,B
e3,d4,e6,d6,B
f3,d4,e6,d6,B
g3,d4,e6,d6,B
h3,d4,e6,d6,B
a4,d4,e6,d6,B
e4,d4,e6,d6,B
f4,d4,e6,d6,B
g4,d4,e6,d6,B
h4,d4,e6,d6,B
a5,d4,e6,d6,B
g5,d4,e6,d6,B
h5,d4,e6,d6,B
a6,d4,e6,d6,B
g6,d4,e6,d6,B
h6,d4,e6,d6,B
a7,d4,e6,d6,B
g7,d4,e6,d6,B
h7,d4,e6,d6,B
a8,d4,e6,d6,B
b8,d4,e6,d6,B
c8,d4,e6,d6,B
d8,d4,e6,d6,B
e8,d4,e6,d6,B
f8,d4,e6,d6,B
g8,d4,e6,d6,B
h8,d4,e6,d6,B
a1,d4,e6,f6,B
b1,d4,e6,f6,B
c1,d4,e6,f6,B
d1,d4,e6,f6,B
e1,d4,e6,f6,B
f1,d4,e6,f6,B
g1,d4,e6,f6,B
h1,d4,e6,f6,B
a2,d4,e6,f6,B
b2,d4,e6,f6,B
c2,d4,e6,f6,B
d2,d4,e6,f6,B
e2,d4,e6,f6,B
f2,d4,e6,f6,B
g2,d4,e6,f6,B
h2,d4,e6,f6,B
a3,d4,e6,f6,B
b3,d4,e6,f6,B
c3,d4,e6,f6,B
d3,d4,e6,f6,B
e3,d4,e6,f6,B
f3,d4,e6,f6,B
g3,d4,e6,f6,B
h3,d4,e6,f6,B
a4,d4,e6,f6,B
e4,d4,e6,f6,B
f4,d4,e6,f6,B
g4,d4,e6,f6,B
h4,d4,e6,f6,B
a5,d4,e6,f6,B
h5,d4,e6,f6,B
a6,d4,e6,f6,B
h6,d4,e6,f6,B
a7,d4,e6,f6,B
h7,d4,e6,f6,B
a8,d4,e6,f6,B
b8,d4,e6,f6,B
c8,d4,e6,f6,B
d8,d4,e6,f6,B
e8,d4,e6,f6,B
f8,d4,e6,f6,B
g8,d4,e6,f6,B
h8,d4,e6,f6,B
a1,d4,e6,d7,B
b1,d4,e6,d7,B
c1,d4,e6,d7,B
d1,d4,e6,d7,B
e1,d4,e6,d7,B
f1,d4,e6,d7,B
g1,d4,e6,d7,B
h1,d4,e6,d7,B
a2,d4,e6,d7,B
b2,d4,e6,d7,B
c2,d4,e6,d7,B
d2,d4,e6,d7,B
e2,d4,e6,d7,B
f2,d4,e6,d7,B
g2,d4,e6,d7,B
h2,d4,e6,d7,B
a3,d4,e6,d7,B
b3,d4,e6,d7,B
c3,d4,e6,d7,B
d3,d4,e6,d7,B
e3,d4,e6,d7,B
f3,d4,e6,d7,B
g3,d4,e6,d7,B
h3,d4,e6,d7,B
a4,d4,e6,d7,B
e4,d4,e6,d7,B
f4,d4,e6,d7,B
g4,d4,e6,d7,B
h4,d4,e6,d7,B
a5,d4,e6,d7,B
g5,d4,e6,d7,B
h5,d4,e6,d7,B
a6,d4,e6,d7,B
g6,d4,e6,d7,B
h6,d4,e6,d7,B
a7,d4,e6,d7,B
g7,d4,e6,d7,B
h7,d4,e6,d7,B
a8,d4,e6,d7,B
b8,d4,e6,d7,B
f8,d4,e6,d7,B
g8,d4,e6,d7,B
h8,d4,e6,d7,B
a1,d4,e6,e7,B
b1,d4,e6,e7,B
c1,d4,e6,e7,B
d1,d4,e6,e7,B
e1,d4,e6,e7,B
f1,d4,e6,e7,B
g1,d4,e6,e7,B
h1,d4,e6,e7,B
a2,d4,e6,e7,B
b2,d4,e6,e7,B
c2,d4,e6,e7,B
d2,d4,e6,e7,B
e2,d4,e6,e7,B
f2,d4,e6,e7,B
g2,d4,e6,e7,B
h2,d4,e6,e7,B
a3,d4,e6,e7,B
b3,d4,e6,e7,B
c3,d4,e6,e7,B
d3,d4,e6,e7,B
e3,d4,e6,e7,B
f3,d4,e6,e7,B
g3,d4,e6,e7,B
h3,d4,e6,e7,B
a4,d4,e6,e7,B
e4,d4,e6,e7,B
f4,d4,e6,e7,B
g4,d4,e6,e7,B
h4,d4,e6,e7,B
a5,d4,e6,e7,B
g5,d4,e6,e7,B
h5,d4,e6,e7,B
a6,d4,e6,e7,B
g6,d4,e6,e7,B
h6,d4,e6,e7,B
a7,d4,e6,e7,B
g7,d4,e6,e7,B
h7,d4,e6,e7,B
a8,d4,e6,e7,B
b8,d4,e6,e7,B
c8,d4,e6,e7,B
g8,d4,e6,e7,B
h8,d4,e6,e7,B
a1,d4,e6,f7,B
b1,d4,e6,f7,B
c1,d4,e6,f7,B
d1,d4,e6,f7,B
e1,d4,e6,f7,B
f1,d4,e6,f7,B
g1,d4,e6,f7,B
h1,d4,e6,f7,B
a2,d4,e6,f7,B
b2,d4,e6,f7,B
c2,d4,e6,f7,B
d2,d4,e6,f7,B
e2,d4,e6,f7,B
f2,d4,e6,f7,B
g2,d4,e6,f7,B
h2,d4,e6,f7,B
a3,d4,e6,f7,B
b3,d4,e6,f7,B
c3,d4,e6,f7,B
d3,d4,e6,f7,B
e3,d4,e6,f7,B
f3,d4,e6,f7,B
g3,d4,e6,f7,B
h3,d4,e6,f7,B
a4,d4,e6,f7,B
e4,d4,e6,f7,B
f4,d4,e6,f7,B
g4,d4,e6,f7,B
h4,d4,e6,f7,B
a5,d4,e6,f7,B
g5,d4,e6,f7,B
h5,d4,e6,f7,B
a6,d4,e6,f7,B
h6,d4,e6,f7,B
a7,d4,e6,f7,B
h7,d4,e6,f7,B
a8,d4,e6,f7,B
b8,d4,e6,f7,B
c8,d4,e6,f7,B
d8,d4,e6,f7,B
h8,d4,e6,f7,B
a1,d4,e7,d6,B
b1,d4,e7,d6,B
c1,d4,e7,d6,B
d1,d4,e7,d6,B
e1,d4,e7,d6,B
f1,d4,e7,d6,B
g1,d4,e7,d6,B
h1,d4,e7,d6,B
a2,d4,e7,d6,B
b2,d4,e7,d6,B
c2,d4,e7,d6,B
d2,d4,e7,d6,B
e2,d4,e7,d6,B
f2,d4,e7,d6,B
g2,d4,e7,d6,B
h2,d4,e7,d6,B
a3,d4,e7,d6,B
b3,d4,e7,d6,B
c3,d4,e7,d6,B
d3,d4,e7,d6,B
e3,d4,e7,d6,B
f3,d4,e7,d6,B
g3,d4,e7,d6,B
h3,d4,e7,d6,B
a4,d4,e7,d6,B
g4,d4,e7,d6,B
h4,d4,e7,d6,B
a5,d4,e7,d6,B
g5,d4,e7,d6,B
h5,d4,e7,d6,B
a6,d4,e7,d6,B
g6,d4,e7,d6,B
h6,d4,e7,d6,B
a7,d4,e7,d6,B
g7,d4,e7,d6,B
h7,d4,e7,d6,B
a8,d4,e7,d6,B
g8,d4,e7,d6,B
h8,d4,e7,d6,B
a1,d4,e7,e6,B
b1,d4,e7,e6,B
c1,d4,e7,e6,B
d1,d4,e7,e6,B
e1,d4,e7,e6,B
f1,d4,e7,e6,B
g1,d4,e7,e6,B
h1,d4,e7,e6,B
a2,d4,e7,e6,B
b2,d4,e7,e6,B
c2,d4,e7,e6,B
d2,d4,e7,e6,B
e2,d4,e7,e6,B
f2,d4,e7,e6,B
g2,d4,e7,e6,B
h2,d4,e7,e6,B
a3,d4,e7,e6,B
b3,d4,e7,e6,B
c3,d4,e7,e6,B
d3,d4,e7,e6,B
e3,d4,e7,e6,B
f3,d4,e7,e6,B
g3,d4,e7,e6,B
h3,d4,e7,e6,B
a4,d4,e7,e6,B
g4,d4,e7,e6,B
h4,d4,e7,e6,B
a5,d4,e7,e6,B
g5,d4,e7,e6,B
h5,d4,e7,e6,B
a6,d4,e7,e6,B
g6,d4,e7,e6,B
h6,d4,e7,e6,B
a7,d4,e7,e6,B
g7,d4,e7,e6,B
h7,d4,e7,e6,B
a8,d4,e7,e6,B
g8,d4,e7,e6,B
h8,d4,e7,e6,B
a1,d4,e7,f6,B
b1,d4,e7,f6,B
c1,d4,e7,f6,B
d1,d4,e7,f6,B
e1,d4,e7,f6,B
f1,d4,e7,f6,B
g1,d4,e7,f6,B
h1,d4,e7,f6,B
a2,d4,e7,f6,B
b2,d4,e7,f6,B
c2,d4,e7,f6,B
d2,d4,e7,f6,B
e2,d4,e7,f6,B
f2,d4,e7,f6,B
g2,d4,e7,f6,B
h2,d4,e7,f6,B
a3,d4,e7,f6,B
b3,d4,e7,f6,B
c3,d4,e7,f6,B
d3,d4,e7,f6,B
e3,d4,e7,f6,B
f3,d4,e7,f6,B
g3,d4,e7,f6,B
h3,d4,e7,f6,B
a4,d4,e7,f6,B
g4,d4,e7,f6,B
h4,d4,e7,f6,B
a5,d4,e7,f6,B
h5,d4,e7,f6,B
a6,d4,e7,f6,B
h6,d4,e7,f6,B
a7,d4,e7,f6,B
h7,d4,e7,f6,B
a8,d4,e7,f6,B
g8,d4,e7,f6,B
h8,d4,e7,f6,B
a1,d4,e7,d7,B
b1,d4,e7,d7,B
c1,d4,e7,d7,B
d1,d4,e7,d7,B
e1,d4,e7,d7,B
f1,d4,e7,d7,B
g1,d4,e7,d7,B
h1,d4,e7,d7,B
a2,d4,e7,d7,B
b2,d4,e7,d7,B
c2,d4,e7,d7,B
d2,d4,e7,d7,B
e2,d4,e7,d7,B
f2,d4,e7,d7,B
g2,d4,e7,d7,B
h2,d4,e7,d7,B
a3,d4,e7,d7,B
b3,d4,e7,d7,B
c3,d4,e7,d7,B
d3,d4,e7,d7,B
e3,d4,e7,d7,B
f3,d4,e7,d7,B
g3,d4,e7,d7,B
h3,d4,e7,d7,B
a4,d4,e7,d7,B
g4,d4,e7,d7,B
h4,d4,e7,d7,B
a5,d4,e7,d7,B
e5,d4,e7,d7,B
g5,d4,e7,d7,B
h5,d4,e7,d7,B
a6,d4,e7,d7,B
g6,d4,e7,d7,B
h6,d4,e7,d7,B
a7,d4,e7,d7,B
g7,d4,e7,d7,B
h7,d4,e7,d7,B
a8,d4,e7,d7,B
g8,d4,e7,d7,B
h8,d4,e7,d7,B
a1,d4,e7,f7,B
b1,d4,e7,f7,B
c1,d4,e7,f7,B
d1,d4,e7,f7,B
e1,d4,e7,f7,B
f1,d4,e7,f7,B
g1,d4,e7,f7,B
h1,d4,e7,f7,B
a2,d4,e7,f7,B
b2,d4,e7,f7,B
c2,d4,e7,f7,B
d2,d4,e7,f7,B
e2,d4,e7,f7,B
f2,d4,e7,f7,B
g2,d4,e7,f7,B
h2,d4,e7,f7,B
a3,d4,e7,f7,B
b3,d4,e7,f7,B
c3,d4,e7,f7,B
d3,d4,e7,f7,B
e3,d4,e7,f7,B
f3,d4,e7,f7,B
g3,d4,e7,f7,B
h3,d4,e7,f7,B
a4,d4,e7,f7,B
g4,d4,e7,f7,B
h4,d4,e7,f7,B
a5,d4,e7,f7,B
e5,d4,e7,f7,B
g5,d4,e7,f7,B
h5,d4,e7,f7,B
a6,d4,e7,f7,B
h6,d4,e7,f7,B
a7,d4,e7,f7,B
h7,d4,e7,f7,B
a8,d4,e7,f7,B
h8,d4,e7,f7,B
a1,d4,e7,d8,B
b1,d4,e7,d8,B
c1,d4,e7,d8,B
d1,d4,e7,d8,B
e1,d4,e7,d8,B
f1,d4,e7,d8,B
g1,d4,e7,d8,B
h1,d4,e7,d8,B
a2,d4,e7,d8,B
b2,d4,e7,d8,B
c2,d4,e7,d8,B
d2,d4,e7,d8,B
e2,d4,e7,d8,B
f2,d4,e7,d8,B
g2,d4,e7,d8,B
h2,d4,e7,d8,B
a3,d4,e7,d8,B
b3,d4,e7,d8,B
c3,d4,e7,d8,B
d3,d4,e7,d8,B
e3,d4,e7,d8,B
f3,d4,e7,d8,B
g3,d4,e7,d8,B
h3,d4,e7,d8,B
a4,d4,e7,d8,B
g4,d4,e7,d8,B
h4,d4,e7,d8,B
a5,d4,e7,d8,B
e5,d4,e7,d8,B
g5,d4,e7,d8,B
h5,d4,e7,d8,B
a6,d4,e7,d8,B
g6,d4,e7,d8,B
h6,d4,e7,d8,B
a7,d4,e7,d8,B
g7,d4,e7,d8,B
h7,d4,e7,d8,B
a8,d4,e7,d8,B
g8,d4,e7,d8,B
h8,d4,e7,d8,B
a1,d4,e7,e8,W
b1,d4,e7,e8,W
c1,d4,e7,e8,W
d1,d4,e7,e8,W
e1,d4,e7,e8,W
f1,d4,e7,e8,W
g1,d4,e7,e8,W
h1,d4,e7,e8,W
a2,d4,e7,e8,W
b2,d4,e7,e8,W
c2,d4,e7,e8,W
d2,d4,e7,e8,W
e2,d4,e7,e8,W
f2,d4,e7,e8,W
g2,d4,e7,e8,W
h2,d4,e7,e8,W
h3,d4,e7,e8,W
h4,d4,e7,e8,W
h5,d4,e7,e8,W
h6,d4,e7,e8,W
h7,d4,e7,e8,W
g8,d4,e7,e8,W
h8,d4,e7,e8,W
a1,d4,e7,e8,B
b1,d4,e7,e8,B
c1,d4,e7,e8,B
d1,d4,e7,e8,B
e1,d4,e7,e8,B
f1,d4,e7,e8,B
g1,d4,e7,e8,B
h1,d4,e7,e8,B
a2,d4,e7,e8,B
b2,d4,e7,e8,B
c2,d4,e7,e8,B
d2,d4,e7,e8,B
e2,d4,e7,e8,B
f2,d4,e7,e8,B
g2,d4,e7,e8,B
h2,d4,e7,e8,B
a3,d4,e7,e8,B
b3,d4,e7,e8,B
c3,d4,e7,e8,B
d3,d4,e7,e8,B
e3,d4,e7,e8,B
f3,d4,e7,e8,B
g3,d4,e7,e8,B
h3,d4,e7,e8,B
a4,d4,e7,e8,B
g4,d4,e7,e8,B
h4,d4,e7,e8,B
a5,d4,e7,e8,B
e5,d4,e7,e8,B
g5,d4,e7,e8,B
h5,d4,e7,e8,B
a6,d4,e7,e8,B
e6,d4,e7,e8,B
g6,d4,e7,e8,B
h6,d4,e7,e8,B
a7,d4,e7,e8,B
g7,d4,e7,e8,B
h7,d4,e7,e8,B
a8,d4,e7,e8,B
g8,d4,e7,e8,B
h8,d4,e7,e8,B
a1,d4,e7,f8,B
b1,d4,e7,f8,B
c1,d4,e7,f8,B
d1,d4,e7,f8,B
e1,d4,e7,f8,B
f1,d4,e7,f8,B
g1,d4,e7,f8,B
h1,d4,e7,f8,B
a2,d4,e7,f8,B
b2,d4,e7,f8,B
c2,d4,e7,f8,B
d2,d4,e7,f8,B
e2,d4,e7,f8,B
f2,d4,e7,f8,B
g2,d4,e7,f8,B
h2,d4,e7,f8,B
a3,d4,e7,f8,B
b3,d4,e7,f8,B
c3,d4,e7,f8,B
d3,d4,e7,f8,B
e3,d4,e7,f8,B
f3,d4,e7,f8,B
g3,d4,e7,f8,B
h3,d4,e7,f8,B
a4,d4,e7,f8,B
g4,d4,e7,f8,B
h4,d4,e7,f8,B
a5,d4,e7,f8,B
e5,d4,e7,f8,B
g5,d4,e7,f8,B
h5,d4,e7,f8,B
a6,d4,e7,f8,B
g6,d4,e7,f8,B
h6,d4,e7,f8,B
a7,d4,e7,f8,B
h7,d4,e7,f8,B
a8,d4,e7,f8,B
h8,d4,e7,f8,B
a1,d5,e2,c4,B
b1,d5,e2,c4,B
c1,d5,e2,c4,B
d1,d5,e2,c4,B
e1,d5,e2,c4,B
f1,d5,e2,c4,B
g1,d5,e2,c4,B
h1,d5,e2,c4,B
a2,d5,e2,c4,B
b2,d5,e2,c4,B
h2,d5,e2,c4,B
a3,d5,e2,c4,B
h3,d5,e2,c4,B
a4,d5,e2,c4,B
h4,d5,e2,c4,B
a5,d5,e2,c4,B
h5,d5,e2,c4,B
a6,d5,e2,c4,B
b6,d5,e2,c4,B
h6,d5,e2,c4,B
a7,d5,e2,c4,B
b7,d5,e2,c4,B
c7,d5,e2,c4,B
d7,d5,e2,c4,B
e7,d5,e2,c4,B
f7,d5,e2,c4,B
g7,d5,e2,c4,B
h7,d5,e2,c4,B
a8,d5,e2,c4,B
b8,d5,e2,c4,B
c8,d5,e2,c4,B
d8,d5,e2,c4,B
e8,d5,e2,c4,B
f8,d5,e2,c4,B
g8,d5,e2,c4,B
h8,d5,e2,c4,B
a1,d5,e2,d4,B
b1,d5,e2,d4,B
c1,d5,e2,d4,B
d1,d5,e2,d4,B
e1,d5,e2,d4,B
f1,d5,e2,d4,B
g1,d5,e2,d4,B
h1,d5,e2,d4,B
a2,d5,e2,d4,B
b2,d5,e2,d4,B
h2,d5,e2,d4,B
a3,d5,e2,d4,B
b3,d5,e2,d4,B
h3,d5,e2,d4,B
a4,d5,e2,d4,B
b4,d5,e2,d4,B
h4,d5,e2,d4,B
a5,d5,e2,d4,B
b5,d5,e2,d4,B
h5,d5,e2,d4,B
a6,d5,e2,d4,B
b6,d5,e2,d4,B
h6,d5,e2,d4,B
a7,d5,e2,d4,B
b7,d5,e2,d4,B
c7,d5,e2,d4,B
d7,d5,e2,d4,B
e7,d5,e2,d4,B
f7,d5,e2,d4,B
g7,d5,e2,d4,B
h7,d5,e2,d4,B
a8,d5,e2,d4,B
b8,d5,e2,d4,B
c8,d5,e2,d4,B
d8,d5,e2,d4,B
e8,d5,e2,d4,B
f8,d5,e2,d4,B
g8,d5,e2,d4,B
h8,d5,e2,d4,B
a1,d5,e2,e4,B
b1,d5,e2,e4,B
c1,d5,e2,e4,B
d1,d5,e2,e4,B
e1,d5,e2,e4,B
f1,d5,e2,e4,B
g1,d5,e2,e4,B
h1,d5,e2,e4,B
a2,d5,e2,e4,B
b2,d5,e2,e4,B
h2,d5,e2,e4,B
a3,d5,e2,e4,B
b3,d5,e2,e4,B
h3,d5,e2,e4,B
a4,d5,e2,e4,B
b4,d5,e2,e4,B
h4,d5,e2,e4,B
a5,d5,e2,e4,B
b5,d5,e2,e4,B
h5,d5,e2,e4,B
a6,d5,e2,e4,B
b6,d5,e2,e4,B
h6,d5,e2,e4,B
a7,d5,e2,e4,B
b7,d5,e2,e4,B
c7,d5,e2,e4,B
d7,d5,e2,e4,B
e7,d5,e2,e4,B
f7,d5,e2,e4,B
g7,d5,e2,e4,B
h7,d5,e2,e4,B
a8,d5,e2,e4,B
b8,d5,e2,e4,B
c8,d5,e2,e4,B
d8,d5,e2,e4,B
e8,d5,e2,e4,B
f8,d5,e2,e4,B
g8,d5,e2,e4,B
h8,d5,e2,e4,B
a1,d5,e2,c5,B
b1,d5,e2,c5,B
c1,d5,e2,c5,B
d1,d5,e2,c5,B
e1,d5,e2,c5,B
f1,d5,e2,c5,B
g1,d5,e2,c5,B
h1,d5,e2,c5,B
a2,d5,e2,c5,B
b2,d5,e2,c5,B
h2,d5,e2,c5,B
a3,d5,e2,c5,B
b3,d5,e2,c5,B
d3,d5,e2,c5,B
h3,d5,e2,c5,B
a4,d5,e2,c5,B
h4,d5,e2,c5,B
a5,d5,e2,c5,B
h5,d5,e2,c5,B
a6,d5,e2,c5,B
h6,d5,e2,c5,B
a7,d5,e2,c5,B
b7,d5,e2,c5,B
c7,d5,e2,c5,B
d7,d5,e2,c5,B
e7,d5,e2,c5,B
f7,d5,e2,c5,B
g7,d5,e2,c5,B
h7,d5,e2,c5,B
a8,d5,e2,c5,B
b8,d5,e2,c5,B
c8,d5,e2,c5,B
d8,d5,e2,c5,B
e8,d5,e2,c5,B
f8,d5,e2,c5,B
g8,d5,e2,c5,B
h8,d5,e2,c5,B
a1,d5,e2,e5,B
b1,d5,e2,e5,B
c1,d5,e2,e5,B
d1,d5,e2,e5,B
e1,d5,e2,e5,B
f1,d5,e2,e5,B
g1,d5,e2,e5,B
h1,d5,e2,e5,B
a2,d5,e2,e5,B
b2,d5,e2,e5,B
h2,d5,e2,e5,B
a3,d5,e2,e5,B
b3,d5,e2,e5,B
d3,d5,e2,e5,B
h3,d5,e2,e5,B
a4,d5,e2,e5,B
b4,d5,e2,e5,B
h4,d5,e2,e5,B
a5,d5,e2,e5,B
b5,d5,e2,e5,B
h5,d5,e2,e5,B
a6,d5,e2,e5,B
b6,d5,e2,e5,B
h6,d5,e2,e5,B
a7,d5,e2,e5,B
b7,d5,e2,e5,B
c7,d5,e2,e5,B
d7,d5,e2,e5,B
e7,d5,e2,e5,B
f7,d5,e2,e5,B
g7,d5,e2,e5,B
h7,d5,e2,e5,B
a8,d5,e2,e5,B
b8,d5,e2,e5,B
c8,d5,e2,e5,B
d8,d5,e2,e5,B
e8,d5,e2,e5,B
f8,d5,e2,e5,B
g8,d5,e2,e5,B
h8,d5,e2,e5,B
a1,d5,e2,c6,B
b1,d5,e2,c6,B
c1,d5,e2,c6,B
d1,d5,e2,c6,B
e1,d5,e2,c6,B
f1,d5,e2,c6,B
g1,d5,e2,c6,B
h1,d5,e2,c6,B
a2,d5,e2,c6,B
b2,d5,e2,c6,B
h2,d5,e2,c6,B
a3,d5,e2,c6,B
b3,d5,e2,c6,B
d3,d5,e2,c6,B
h3,d5,e2,c6,B
a4,d5,e2,c6,B
b4,d5,e2,c6,B
h4,d5,e2,c6,B
a5,d5,e2,c6,B
h5,d5,e2,c6,B
a6,d5,e2,c6,B
h6,d5,e2,c6,B
a7,d5,e2,c6,B
e7,d5,e2,c6,B
f7,d5,e2,c6,B
g7,d5,e2,c6,B
h7,d5,e2,c6,B
a8,d5,e2,c6,B
b8,d5,e2,c6,B
c8,d5,e2,c6,B
d8,d5,e2,c6,B
e8,d5,e2,c6,B
f8,d5,e2,c6,B
g8,d5,e2,c6,B
h8,d5,e2,c6,B
a1,d5,e2,d6,B
b1,d5,e2,d6,B
c1,d5,e2,d6,B
d1,d5,e2,d6,B
e1,d5,e2,d6,B
f1,d5,e2,d6,B
g1,d5,e2,d6,B
h1,d5,e2,d6,B
a2,d5,e2,d6,B
b2,d5,e2,d6,B
h2,d5,e2,d6,B
a3,d5,e2,d6,B
b3,d5,e2,d6,B
d3,d5,e2,d6,B
h3,d5,e2,d6,B
a4,d5,e2,d6,B
b4,d5,e2,d6,B
h4,d5,e2,d6,B
a5,d5,e2,d6,B
b5,d5,e2,d6,B
h5,d5,e2,d6,B
a6,d5,e2,d6,B
b6,d5,e2,d6,B
h6,d5,e2,d6,B
a7,d5,e2,d6,B
b7,d5,e2,d6,B
f7,d5,e2,d6,B
g7,d5,e2,d6,B
h7,d5,e2,d6,B
a8,d5,e2,d6,B
b8,d5,e2,d6,B
c8,d5,e2,d6,B
d8,d5,e2,d6,B
e8,d5,e2,d6,B
f8,d5,e2,d6,B
g8,d5,e2,d6,B
h8,d5,e2,d6,B
a1,d5,e2,e6,B
b1,d5,e2,e6,B
c1,d5,e2,e6,B
d1,d5,e2,e6,B
e1,d5,e2,e6,B
f1,d5,e2,e6,B
g1,d5,e2,e6,B
h1,d5,e2,e6,B
a2,d5,e2,e6,B
b2,d5,e2,e6,B
h2,d5,e2,e6,B
a3,d5,e2,e6,B
b3,d5,e2,e6,B
d3,d5,e2,e6,B
h3,d5,e2,e6,B
a4,d5,e2,e6,B
b4,d5,e2,e6,B
h4,d5,e2,e6,B
a5,d5,e2,e6,B
b5,d5,e2,e6,B
h5,d5,e2,e6,B
a6,d5,e2,e6,B
b6,d5,e2,e6,B
h6,d5,e2,e6,B
a7,d5,e2,e6,B
b7,d5,e2,e6,B
c7,d5,e2,e6,B
g7,d5,e2,e6,B
h7,d5,e2,e6,B
a8,d5,e2,e6,B
b8,d5,e2,e6,B
c8,d5,e2,e6,B
d8,d5,e2,e6,B
e8,d5,e2,e6,B
f8,d5,e2,e6,B
g8,d5,e2,e6,B
h8,d5,e2,e6,B
a1,d5,e3,c4,B
b1,d5,e3,c4,B
c1,d5,e3,c4,B
d1,d5,e3,c4,B
e1,d5,e3,c4,B
f1,d5,e3,c4,B
g1,d5,e3,c4,B
h1,d5,e3,c4,B
a2,d5,e3,c4,B
b2,d5,e3,c4,B
c2,d5,e3,c4,B
d2,d5,e3,c4,B
e2,d5,e3,c4,B
f2,d5,e3,c4,B
g2,d5,e3,c4,B
h2,d5,e3,c4,B
a3,d5,e3,c4,B
h3,d5,e3,c4,B
a4,d5,e3,c4,B
h4,d5,e3,c4,B
a5,d5,e3,c4,B
h5,d5,e3,c4,B
a6,d5,e3,c4,B
b6,d5,e3,c4,B
h6,d5,e3,c4,B
a7,d5,e3,c4,B
b7,d5,e3,c4,B
c7,d5,e3,c4,B
d7,d5,e3,c4,B
e7,d5,e3,c4,B
f7,d5,e3,c4,B
g7,d5,e3,c4,B
h7,d5,e3,c4,B
a8,d5,e3,c4,B
b8,d5,e3,c4,B
c8,d5,e3,c4,B
d8,d5,e3,c4,B
e8,d5,e3,c4,B
f8,d5,e3,c4,B
g8,d5,e3,c4,B
h8,d5,e3,c4,B
a1,d5,e3,d4,B
b1,d5,e3,d4,B
c1,d5,e3,d4,B
d1,d5,e3,d4,B
e1,d5,e3,d4,B
f1,d5,e3,d4,B
g1,d5,e3,d4,B
h1,d5,e3,d4,B
a2,d5,e3,d4,B
b2,d5,e3,d4,B
c2,d5,e3,d4,B
d2,d5,e3,d4,B
e2,d5,e3,d4,B
f2,d5,e3,d4,B
g2,d5,e3,d4,B
h2,d5,e3,d4,B
a3,d5,e3,d4,B
b3,d5,e3,d4,B
h3,d5,e3,d4,B
a4,d5,e3,d4,B
b4,d5,e3,d4,B
h4,d5,e3,d4,B
a5,d5,e3,d4,B
b5,d5,e3,d4,B
h5,d5,e3,d4,B
a6,d5,e3,d4,B
b6,d5,e3,d4,B
h6,d5,e3,d4,B
a7,d5,e3,d4,B
b7,d5,e3,d4,B
c7,d5,e3,d4,B
d7,d5,e3,d4,B
e7,d5,e3,d4,B
f7,d5,e3,d4,B
g7,d5,e3,d4,B
h7,d5,e3,d4,B
a8,d5,e3,d4,B
b8,d5,e3,d4,B
c8,d5,e3,d4,B
d8,d5,e3,d4,B
e8,d5,e3,d4,B
f8,d5,e3,d4,B
g8,d5,e3,d4,B
h8,d5,e3,d4,B
a1,d5,e3,e4,B
b1,d5,e3,e4,B
c1,d5,e3,e4,B
d1,d5,e3,e4,B
e1,d5,e3,e4,B
f1,d5,e3,e4,B
g1,d5,e3,e4,B
h1,d5,e3,e4,B
a2,d5,e3,e4,B
b2,d5,e3,e4,B
c2,d5,e3,e4,B
d2,d5,e3,e4,B
e2,d5,e3,e4,B
f2,d5,e3,e4,B
g2,d5,e3,e4,B
h2,d5,e3,e4,B
a3,d5,e3,e4,B
b3,d5,e3,e4,B
c3,d5,e3,e4,B
h3,d5,e3,e4,B
a4,d5,e3,e4,B
b4,d5,e3,e4,B
h4,d5,e3,e4,B
a5,d5,e3,e4,B
b5,d5,e3,e4,B
h5,d5,e3,e4,B
a6,d5,e3,e4,B
b6,d5,e3,e4,B
h6,d5,e3,e4,B
a7,d5,e3,e4,B
b7,d5,e3,e4,B
c7,d5,e3,e4,B
d7,d5,e3,e4,B
e7,d5,e3,e4,B
f7,d5,e3,e4,B
g7,d5,e3,e4,B
h7,d5,e3,e4,B
a8,d5,e3,e4,B
b8,d5,e3,e4,B
c8,d5,e3,e4,B
d8,d5,e3,e4,B
e8,d5,e3,e4,B
f8,d5,e3,e4,B
g8,d5,e3,e4,B
h8,d5,e3,e4,B
a1,d5,e3,c5,B
b1,d5,e3,c5,B
c1,d5,e3,c5,B
d1,d5,e3,c5,B
e1,d5,e3,c5,B
f1,d5,e3,c5,B
g1,d5,e3,c5,B
h1,d5,e3,c5,B
a2,d5,e3,c5,B
b2,d5,e3,c5,B
c2,d5,e3,c5,B
d2,d5,e3,c5,B
e2,d5,e3,c5,B
f2,d5,e3,c5,B
g2,d5,e3,c5,B
h2,d5,e3,c5,B
a3,d5,e3,c5,B
b3,d5,e3,c5,B
c3,d5,e3,c5,B
d3,d5,e3,c5,B
h3,d5,e3,c5,B
a4,d5,e3,c5,B
h4,d5,e3,c5,B
a5,d5,e3,c5,B
h5,d5,e3,c5,B
a6,d5,e3,c5,B
h6,d5,e3,c5,B
a7,d5,e3,c5,B
b7,d5,e3,c5,B
c7,d5,e3,c5,B
d7,d5,e3,c5,B
e7,d5,e3,c5,B
f7,d5,e3,c5,B
g7,d5,e3,c5,B
h7,d5,e3,c5,B
a8,d5,e3,c5,B
b8,d5,e3,c5,B
c8,d5,e3,c5,B
d8,d5,e3,c5,B
e8,d5,e3,c5,B
f8,d5,e3,c5,B
g8,d5,e3,c5,B
h8,d5,e3,c5,B
a1,d5,e3,e5,B
b1,d5,e3,e5,B
c1,d5,e3,e5,B
d1,d5,e3,e5,B
e1,d5,e3,e5,B
f1,d5,e3,e5,B
g1,d5,e3,e5,B
h1,d5,e3,e5,B
a2,d5,e3,e5,B
b2,d5,e3,e5,B
c2,d5,e3,e5,B
d2,d5,e3,e5,B
e2,d5,e3,e5,B
f2,d5,e3,e5,B
g2,d5,e3,e5,B
h2,d5,e3,e5,B
a3,d5,e3,e5,B
b3,d5,e3,e5,B
c3,d5,e3,e5,B
d3,d5,e3,e5,B
h3,d5,e3,e5,B
a4,d5,e3,e5,B
b4,d5,e3,e5,B
h4,d5,e3,e5,B
a5,d5,e3,e5,B
b5,d5,e3,e5,B
h5,d5,e3,e5,B
a6,d5,e3,e5,B
b6,d5,e3,e5,B
h6,d5,e3,e5,B
a7,d5,e3,e5,B
b7,d5,e3,e5,B
c7,d5,e3,e5,B
d7,d5,e3,e5,B
e7,d5,e3,e5,B
f7,d5,e3,e5,B
g7,d5,e3,e5,B
h7,d5,e3,e5,B
a8,d5,e3,e5,B
b8,d5,e3,e5,B
c8,d5,e3,e5,B
d8,d5,e3,e5,B
e8,d5,e3,e5,B
f8,d5,e3,e5,B
g8,d5,e3,e5,B
h8,d5,e3,e5,B
a1,d5,e3,c6,B
b1,d5,e3,c6,B
c1,d5,e3,c6,B
d1,d5,e3,c6,B
e1,d5,e3,c6,B
f1,d5,e3,c6,B
g1,d5,e3,c6,B
h1,d5,e3,c6,B
a2,d5,e3,c6,B
b2,d5,e3,c6,B
c2,d5,e3,c6,B
d2,d5,e3,c6,B
e2,d5,e3,c6,B
f2,d5,e3,c6,B
g2,d5,e3,c6,B
h2,d5,e3,c6,B
a3,d5,e3,c6,B
b3,d5,e3,c6,B
c3,d5,e3,c6,B
d3,d5,e3,c6,B
h3,d5,e3,c6,B
a4,d5,e3,c6,B
b4,d5,e3,c6,B
h4,d5,e3,c6,B
a5,d5,e3,c6,B
h5,d5,e3,c6,B
a6,d5,e3,c6,B
h6,d5,e3,c6,B
a7,d5,e3,c6,B
e7,d5,e3,c6,B
f7,d5,e3,c6,B
g7,d5,e3,c6,B
h7,d5,e3,c6,B
a8,d5,e3,c6,B
b8,d5,e3,c6,B
c8,d5,e3,c6,B
d8,d5,e3,c6,B
e8,d5,e3,c6,B
f8,d5,e3,c6,B
g8,d5,e3,c6,B
h8,d5,e3,c6,B
a1,d5,e3,d6,B
b1,d5,e3,d6,B
c1,d5,e3,d6,B
d1,d5,e3,d6,B
e1,d5,e3,d6,B
f1,d5,e3,d6,B
g1,d5,e3,d6,B
h1,d5,e3,d6,B
a2,d5,e3,d6,B
b2,d5,e3,d6,B
c2,d5,e3,d6,B
d2,d5,e3,d6,B
e2,d5,e3,d6,B
f2,d5,e3,d6,B
g2,d5,e3,d6,B
h2,d5,e3,d6,B
a3,d5,e3,d6,B
b3,d5,e3,d6,B
c3,d5,e3,d6,B
d3,d5,e3,d6,B
h3,d5,e3,d6,B
a4,d5,e3,d6,B
b4,d5,e3,d6,B
h4,d5,e3,d6,B
a5,d5,e3,d6,B
b5,d5,e3,d6,B
h5,d5,e3,d6,B
a6,d5,e3,d6,B
b6,d5,e3,d6,B
h6,d5,e3,d6,B
a7,d5,e3,d6,B
b7,d5,e3,d6,B
f7,d5,e3,d6,B
g7,d5,e3,d6,B
h7,d5,e3,d6,B
a8,d5,e3,d6,B
b8,d5,e3,d6,B
c8,d5,e3,d6,B
d8,d5,e3,d6,B
e8,d5,e3,d6,B
f8,d5,e3,d6,B
g8,d5,e3,d6,B
h8,d5,e3,d6,B
a1,d5,e3,e6,B
b1,d5,e3,e6,B
c1,d5,e3,e6,B
d1,d5,e3,e6,B
e1,d5,e3,e6,B
f1,d5,e3,e6,B
g1,d5,e3,e6,B
h1,d5,e3,e6,B
a2,d5,e3,e6,B
b2,d5,e3,e6,B
c2,d5,e3,e6,B
d2,d5,e3,e6,B
e2,d5,e3,e6,B
f2,d5,e3,e6,B
g2,d5,e3,e6,B
h2,d5,e3,e6,B
a3,d5,e3,e6,B
b3,d5,e3,e6,B
c3,d5,e3,e6,B
d3,d5,e3,e6,B
h3,d5,e3,e6,B
a4,d5,e3,e6,B
b4,d5,e3,e6,B
h4,d5,e3,e6,B
a5,d5,e3,e6,B
b5,d5,e3,e6,B
h5,d5,e3,e6,B
a6,d5,e3,e6,B
b6,d5,e3,e6,B
h6,d5,e3,e6,B
a7,d5,e3,e6,B
b7,d5,e3,e6,B
c7,d5,e3,e6,B
g7,d5,e3,e6,B
h7,d5,e3,e6,B
a8,d5,e3,e6,B
b8,d5,e3,e6,B
c8,d5,e3,e6,B
d8,d5,e3,e6,B
e8,d5,e3,e6,B
f8,d5,e3,e6,B
g8,d5,e3,e6,B
h8,d5,e3,e6,B
a1,d5,e5,c4,B
b1,d5,e5,c4,B
c1,d5,e5,c4,B
d1,d5,e5,c4,B
e1,d5,e5,c4,B
f1,d5,e5,c4,B
g1,d5,e5,c4,B
h1,d5,e5,c4,B
a2,d5,e5,c4,B
b2,d5,e5,c4,B
c2,d5,e5,c4,B
d2,d5,e5,c4,B
e2,d5,e5,c4,B
f2,d5,e5,c4,B
g2,d5,e5,c4,B
h2,d5,e5,c4,B
a3,d5,e5,c4,B
e3,d5,e5,c4,B
f3,d5,e5,c4,B
g3,d5,e5,c4,B
h3,d5,e5,c4,B
a4,d5,e5,c4,B
h4,d5,e5,c4,B
a5,d5,e5,c4,B
h5,d5,e5,c4,B
a6,d5,e5,c4,B
b6,d5,e5,c4,B
h6,d5,e5,c4,B
a7,d5,e5,c4,B
b7,d5,e5,c4,B
c7,d5,e5,c4,B
h7,d5,e5,c4,B
a8,d5,e5,c4,B
b8,d5,e5,c4,B
c8,d5,e5,c4,B
d8,d5,e5,c4,B
e8,d5,e5,c4,B
f8,d5,e5,c4,B
g8,d5,e5,c4,B
h8,d5,e5,c4,B
a1,d5,e5,d4,B
b1,d5,e5,d4,B
c1,d5,e5,d4,B
d1,d5,e5,d4,B
e1,d5,e5,d4,B
f1,d5,e5,d4,B
g1,d5,e5,d4,B
h1,d5,e5,d4,B
a2,d5,e5,d4,B
b2,d5,e5,d4,B
c2,d5,e5,d4,B
d2,d5,e5,d4,B
e2,d5,e5,d4,B
f2,d5,e5,d4,B
g2,d5,e5,d4,B
h2,d5,e5,d4,B
a3,d5,e5,d4,B
b3,d5,e5,d4,B
f3,d5,e5,d4,B
g3,d5,e5,d4,B
h3,d5,e5,d4,B
a4,d5,e5,d4,B
b4,d5,e5,d4,B
g4,d5,e5,d4,B
h4,d5,e5,d4,B
a5,d5,e5,d4,B
b5,d5,e5,d4,B
g5,d5,e5,d4,B
h5,d5,e5,d4,B
a6,d5,e5,d4,B
b6,d5,e5,d4,B
g6,d5,e5,d4,B
h6,d5,e5,d4,B
a7,d5,e5,d4,B
b7,d5,e5,d4,B
c7,d5,e5,d4,B
f7,d5,e5,d4,B
g7,d5,e5,d4,B
h7,d5,e5,d4,B
a8,d5,e5,d4,B
b8,d5,e5,d4,B
c8,d5,e5,d4,B
d8,d5,e5,d4,B
e8,d5,e5,d4,B
f8,d5,e5,d4,B
g8,d5,e5,d4,B
h8,d5,e5,d4,B
a1,d5,e5,e4,B
b1,d5,e5,e4,B
c1,d5,e5,e4,B
d1,d5,e5,e4,B
e1,d5,e5,e4,B
f1,d5,e5,e4,B
g1,d5,e5,e4,B
h1,d5,e5,e4,B
a2,d5,e5,e4,B
b2,d5,e5,e4,B
c2,d5,e5,e4,B
d2,d5,e5,e4,B
e2,d5,e5,e4,B
f2,d5,e5,e4,B
g2,d5,e5,e4,B
h2,d5,e5,e4,B
a3,d5,e5,e4,B
b3,d5,e5,e4,B
c3,d5,e5,e4,B
g3,d5,e5,e4,B
h3,d5,e5,e4,B
a4,d5,e5,e4,B
b4,d5,e5,e4,B
g4,d5,e5,e4,B
h4,d5,e5,e4,B
a5,d5,e5,e4,B
b5,d5,e5,e4,B
g5,d5,e5,e4,B
h5,d5,e5,e4,B
a6,d5,e5,e4,B
b6,d5,e5,e4,B
g6,d5,e5,e4,B
h6,d5,e5,e4,B
a7,d5,e5,e4,B
b7,d5,e5,e4,B
c7,d5,e5,e4,B
f7,d5,e5,e4,B
g7,d5,e5,e4,B
h7,d5,e5,e4,B
a8,d5,e5,e4,B
b8,d5,e5,e4,B
c8,d5,e5,e4,B
d8,d5,e5,e4,B
e8,d5,e5,e4,B
f8,d5,e5,e4,B
g8,d5,e5,e4,B
h8,d5,e5,e4,B
a1,d5,e5,f4,B
b1,d5,e5,f4,B
c1,d5,e5,f4,B
d1,d5,e5,f4,B
e1,d5,e5,f4,B
f1,d5,e5,f4,B
g1,d5,e5,f4,B
h1,d5,e5,f4,B
a2,d5,e5,f4,B
b2,d5,e5,f4,B
c2,d5,e5,f4,B
d2,d5,e5,f4,B
e2,d5,e5,f4,B
f2,d5,e5,f4,B
g2,d5,e5,f4,B
h2,d5,e5,f4,B
a3,d5,e5,f4,B
b3,d5,e5,f4,B
c3,d5,e5,f4,B
d3,d5,e5,f4,B
h3,d5,e5,f4,B
a4,d5,e5,f4,B
h4,d5,e5,f4,B
a5,d5,e5,f4,B
h5,d5,e5,f4,B
a6,d5,e5,f4,B
g6,d5,e5,f4,B
h6,d5,e5,f4,B
a7,d5,e5,f4,B
f7,d5,e5,f4,B
g7,d5,e5,f4,B
h7,d5,e5,f4,B
a8,d5,e5,f4,B
b8,d5,e5,f4,B
c8,d5,e5,f4,B
d8,d5,e5,f4,B
e8,d5,e5,f4,B
f8,d5,e5,f4,B
g8,d5,e5,f4,B
h8,d5,e5,f4,B
a1,d5,e5,c5,B
b1,d5,e5,c5,B
c1,d5,e5,c5,B
d1,d5,e5,c5,B
e1,d5,e5,c5,B
f1,d5,e5,c5,B
g1,d5,e5,c5,B
h1,d5,e5,c5,B
a2,d5,e5,c5,B
b2,d5,e5,c5,B
c2,d5,e5,c5,B
d2,d5,e5,c5,B
e2,d5,e5,c5,B
f2,d5,e5,c5,B
g2,d5,e5,c5,B
h2,d5,e5,c5,B
a3,d5,e5,c5,B
b3,d5,e5,c5,B
c3,d5,e5,c5,B
d3,d5,e5,c5,B
e3,d5,e5,c5,B
f3,d5,e5,c5,B
g3,d5,e5,c5,B
h3,d5,e5,c5,B
a4,d5,e5,c5,B
h4,d5,e5,c5,B
a5,d5,e5,c5,B
h5,d5,e5,c5,B
a6,d5,e5,c5,B
h6,d5,e5,c5,B
a7,d5,e5,c5,B
b7,d5,e5,c5,B
c7,d5,e5,c5,B
h7,d5,e5,c5,B
a8,d5,e5,c5,B
b8,d5,e5,c5,B
c8,d5,e5,c5,B
d8,d5,e5,c5,B
e8,d5,e5,c5,B
f8,d5,e5,c5,B
g8,d5,e5,c5,B
h8,d5,e5,c5,B
a1,d5,e5,f5,B
b1,d5,e5,f5,B
c1,d5,e5,f5,B
d1,d5,e5,f5,B
e1,d5,e5,f5,B
f1,d5,e5,f5,B
g1,d5,e5,f5,B
h1,d5,e5,f5,B
a2,d5,e5,f5,B
b2,d5,e5,f5,B
c2,d5,e5,f5,B
d2,d5,e5,f5,B
e2,d5,e5,f5,B
f2,d5,e5,f5,B
g2,d5,e5,f5,B
h2,d5,e5,f5,B
a3,d5,e5,f5,B
b3,d5,e5,f5,B
c3,d5,e5,f5,B
d3,d5,e5,f5,B
e3,d5,e5,f5,B
f3,d5,e5,f5,B
g3,d5,e5,f5,B
h3,d5,e5,f5,B
a4,d5,e5,f5,B
h4,d5,e5,f5,B
a5,d5,e5,f5,B
h5,d5,e5,f5,B
a6,d5,e5,f5,B
h6,d5,e5,f5,B
a7,d5,e5,f5,B
f7,d5,e5,f5,B
g7,d5,e5,f5,B
h7,d5,e5,f5,B
a8,d5,e5,f5,B
b8,d5,e5,f5,B
c8,d5,e5,f5,B
d8,d5,e5,f5,B
e8,d5,e5,f5,B
f8,d5,e5,f5,B
g8,d5,e5,f5,B
h8,d5,e5,f5,B
a1,d5,e5,c6,B
b1,d5,e5,c6,B
c1,d5,e5,c6,B
d1,d5,e5,c6,B
e1,d5,e5,c6,B
f1,d5,e5,c6,B
g1,d5,e5,c6,B
h1,d5,e5,c6,B
a2,d5,e5,c6,B
b2,d5,e5,c6,B
c2,d5,e5,c6,B
d2,d5,e5,c6,B
e2,d5,e5,c6,B
f2,d5,e5,c6,B
g2,d5,e5,c6,B
h2,d5,e5,c6,B
a3,d5,e5,c6,B
b3,d5,e5,c6,B
c3,d5,e5,c6,B
d3,d5,e5,c6,B
e3,d5,e5,c6,B
f3,d5,e5,c6,B
g3,d5,e5,c6,B
h3,d5,e5,c6,B
a4,d5,e5,c6,B
b4,d5,e5,c6,B
h4,d5,e5,c6,B
a5,d5,e5,c6,B
h5,d5,e5,c6,B
a6,d5,e5,c6,B
h6,d5,e5,c6,B
a7,d5,e5,c6,B
h7,d5,e5,c6,B
a8,d5,e5,c6,B
b8,d5,e5,c6,B
c8,d5,e5,c6,B
d8,d5,e5,c6,B
e8,d5,e5,c6,B
f8,d5,e5,c6,B
g8,d5,e5,c6,B
h8,d5,e5,c6,B
a1,d5,e5,d6,B
b1,d5,e5,d6,B
c1,d5,e5,d6,B
d1,d5,e5,d6,B
e1,d5,e5,d6,B
f1,d5,e5,d6,B
g1,d5,e5,d6,B
h1,d5,e5,d6,B
a2,d5,e5,d6,B
b2,d5,e5,d6,B
c2,d5,e5,d6,B
d2,d5,e5,d6,B
e2,d5,e5,d6,B
f2,d5,e5,d6,B
g2,d5,e5,d6,B
h2,d5,e5,d6,B
a3,d5,e5,d6,B
b3,d5,e5,d6,B
c3,d5,e5,d6,B
d3,d5,e5,d6,B
e3,d5,e5,d6,B
f3,d5,e5,d6,B
g3,d5,e5,d6,B
h3,d5,e5,d6,B
a4,d5,e5,d6,B
b4,d5,e5,d6,B
g4,d5,e5,d6,B
h4,d5,e5,d6,B
a5,d5,e5,d6,B
b5,d5,e5,d6,B
g5,d5,e5,d6,B
h5,d5,e5,d6,B
a6,d5,e5,d6,B
b6,d5,e5,d6,B
g6,d5,e5,d6,B
h6,d5,e5,d6,B
a7,d5,e5,d6,B
b7,d5,e5,d6,B
f7,d5,e5,d6,B
g7,d5,e5,d6,B
h7,d5,e5,d6,B
a8,d5,e5,d6,B
b8,d5,e5,d6,B
c8,d5,e5,d6,B
d8,d5,e5,d6,B
e8,d5,e5,d6,B
f8,d5,e5,d6,B
g8,d5,e5,d6,B
h8,d5,e5,d6,B
a1,d5,e5,e6,B
b1,d5,e5,e6,B
c1,d5,e5,e6,B
d1,d5,e5,e6,B
e1,d5,e5,e6,B
f1,d5,e5,e6,B
g1,d5,e5,e6,B
h1,d5,e5,e6,B
a2,d5,e5,e6,B
b2,d5,e5,e6,B
c2,d5,e5,e6,B
d2,d5,e5,e6,B
e2,d5,e5,e6,B
f2,d5,e5,e6,B
g2,d5,e5,e6,B
h2,d5,e5,e6,B
a3,d5,e5,e6,B
b3,d5,e5,e6,B
c3,d5,e5,e6,B
d3,d5,e5,e6,B
e3,d5,e5,e6,B
f3,d5,e5,e6,B
g3,d5,e5,e6,B
h3,d5,e5,e6,B
a4,d5,e5,e6,B
b4,d5,e5,e6,B
g4,d5,e5,e6,B
h4,d5,e5,e6,B
a5,d5,e5,e6,B
b5,d5,e5,e6,B
g5,d5,e5,e6,B
h5,d5,e5,e6,B
a6,d5,e5,e6,B
b6,d5,e5,e6,B
g6,d5,e5,e6,B
h6,d5,e5,e6,B
a7,d5,e5,e6,B
b7,d5,e5,e6,B
c7,d5,e5,e6,B
g7,d5,e5,e6,B
h7,d5,e5,e6,B
a8,d5,e5,e6,B
b8,d5,e5,e6,B
c8,d5,e5,e6,B
d8,d5,e5,e6,B
e8,d5,e5,e6,B
f8,d5,e5,e6,B
g8,d5,e5,e6,B
h8,d5,e5,e6,B
a1,d5,e5,f6,B
b1,d5,e5,f6,B
c1,d5,e5,f6,B
d1,d5,e5,f6,B
e1,d5,e5,f6,B
f1,d5,e5,f6,B
g1,d5,e5,f6,B
h1,d5,e5,f6,B
a2,d5,e5,f6,B
b2,d5,e5,f6,B
c2,d5,e5,f6,B
d2,d5,e5,f6,B
e2,d5,e5,f6,B
f2,d5,e5,f6,B
g2,d5,e5,f6,B
h2,d5,e5,f6,B
a3,d5,e5,f6,B
b3,d5,e5,f6,B
c3,d5,e5,f6,B
d3,d5,e5,f6,B
e3,d5,e5,f6,B
f3,d5,e5,f6,B
g3,d5,e5,f6,B
h3,d5,e5,f6,B
a4,d5,e5,f6,B
g4,d5,e5,f6,B
h4,d5,e5,f6,B
a5,d5,e5,f6,B
h5,d5,e5,f6,B
a6,d5,e5,f6,B
h6,d5,e5,f6,B
a7,d5,e5,f6,B
h7,d5,e5,f6,B
a8,d5,e5,f6,B
b8,d5,e5,f6,B
c8,d5,e5,f6,B
d8,d5,e5,f6,B
e8,d5,e5,f6,B
f8,d5,e5,f6,B
g8,d5,e5,f6,B
h8,d5,e5,f6,B
a1,d5,e7,d6,B
b1,d5,e7,d6,B
c1,d5,e7,d6,B
d1,d5,e7,d6,B
e1,d5,e7,d6,B
f1,d5,e7,d6,B
g1,d5,e7,d6,B
h1,d5,e7,d6,B
a2,d5,e7,d6,B
b2,d5,e7,d6,B
c2,d5,e7,d6,B
d2,d5,e7,d6,B
e2,d5,e7,d6,B
f2,d5,e7,d6,B
g2,d5,e7,d6,B
h2,d5,e7,d6,B
a3,d5,e7,d6,B
b3,d5,e7,d6,B
c3,d5,e7,d6,B
d3,d5,e7,d6,B
e3,d5,e7,d6,B
f3,d5,e7,d6,B
g3,d5,e7,d6,B
h3,d5,e7,d6,B
a4,d5,e7,d6,B
b4,d5,e7,d6,B
c4,d5,e7,d6,B
d4,d5,e7,d6,B
e4,d5,e7,d6,B
f4,d5,e7,d6,B
g4,d5,e7,d6,B
h4,d5,e7,d6,B
a5,d5,e7,d6,B
f5,d5,e7,d6,B
g5,d5,e7,d6,B
h5,d5,e7,d6,B
a6,d5,e7,d6,B
g6,d5,e7,d6,B
h6,d5,e7,d6,B
a7,d5,e7,d6,B
g7,d5,e7,d6,B
h7,d5,e7,d6,B
a8,d5,e7,d6,B
g8,d5,e7,d6,B
h8,d5,e7,d6,B
a1,d5,e7,e6,B
b1,d5,e7,e6,B
c1,d5,e7,e6,B
d1,d5,e7,e6,B
e1,d5,e7,e6,B
f1,d5,e7,e6,B
g1,d5,e7,e6,B
h1,d5,e7,e6,B
a2,d5,e7,e6,B
b2,d5,e7,e6,B
c2,d5,e7,e6,B
d2,d5,e7,e6,B
e2,d5,e7,e6,B
f2,d5,e7,e6,B
g2,d5,e7,e6,B
h2,d5,e7,e6,B
a3,d5,e7,e6,B
b3,d5,e7,e6,B
c3,d5,e7,e6,B
d3,d5,e7,e6,B
e3,d5,e7,e6,B
f3,d5,e7,e6,B
g3,d5,e7,e6,B
h3,d5,e7,e6,B
a4,d5,e7,e6,B
b4,d5,e7,e6,B
c4,d5,e7,e6,B
d4,d5,e7,e6,B
e4,d5,e7,e6,B
f4,d5,e7,e6,B
g4,d5,e7,e6,B
h4,d5,e7,e6,B
a5,d5,e7,e6,B
g5,d5,e7,e6,B
h5,d5,e7,e6,B
a6,d5,e7,e6,B
g6,d5,e7,e6,B
h6,d5,e7,e6,B
a7,d5,e7,e6,B
g7,d5,e7,e6,B
h7,d5,e7,e6,B
a8,d5,e7,e6,B
g8,d5,e7,e6,B
h8,d5,e7,e6,B
a1,d5,e7,f6,B
b1,d5,e7,f6,B
c1,d5,e7,f6,B
d1,d5,e7,f6,B
e1,d5,e7,f6,B
f1,d5,e7,f6,B
g1,d5,e7,f6,B
h1,d5,e7,f6,B
a2,d5,e7,f6,B
b2,d5,e7,f6,B
c2,d5,e7,f6,B
d2,d5,e7,f6,B
e2,d5,e7,f6,B
f2,d5,e7,f6,B
g2,d5,e7,f6,B
h2,d5,e7,f6,B
a3,d5,e7,f6,B
b3,d5,e7,f6,B
c3,d5,e7,f6,B
d3,d5,e7,f6,B
e3,d5,e7,f6,B
f3,d5,e7,f6,B
g3,d5,e7,f6,B
h3,d5,e7,f6,B
a4,d5,e7,f6,B
b4,d5,e7,f6,B
c4,d5,e7,f6,B
d4,d5,e7,f6,B
e4,d5,e7,f6,B
f4,d5,e7,f6,B
g4,d5,e7,f6,B
h4,d5,e7,f6,B
a5,d5,e7,f6,B
h5,d5,e7,f6,B
a6,d5,e7,f6,B
h6,d5,e7,f6,B
a7,d5,e7,f6,B
h7,d5,e7,f6,B
a8,d5,e7,f6,B
g8,d5,e7,f6,B
h8,d5,e7,f6,B
a1,d5,e7,d7,B
b1,d5,e7,d7,B
c1,d5,e7,d7,B
d1,d5,e7,d7,B
e1,d5,e7,d7,B
f1,d5,e7,d7,B
g1,d5,e7,d7,B
h1,d5,e7,d7,B
a2,d5,e7,d7,B
b2,d5,e7,d7,B
c2,d5,e7,d7,B
d2,d5,e7,d7,B
e2,d5,e7,d7,B
f2,d5,e7,d7,B
g2,d5,e7,d7,B
h2,d5,e7,d7,B
a3,d5,e7,d7,B
b3,d5,e7,d7,B
c3,d5,e7,d7,B
d3,d5,e7,d7,B
e3,d5,e7,d7,B
f3,d5,e7,d7,B
g3,d5,e7,d7,B
h3,d5,e7,d7,B
a4,d5,e7,d7,B
b4,d5,e7,d7,B
c4,d5,e7,d7,B
d4,d5,e7,d7,B
e4,d5,e7,d7,B
f4,d5,e7,d7,B
g4,d5,e7,d7,B
h4,d5,e7,d7,B
a5,d5,e7,d7,B
e5,d5,e7,d7,B
f5,d5,e7,d7,B
g5,d5,e7,d7,B
h5,d5,e7,d7,B
a6,d5,e7,d7,B
g6,d5,e7,d7,B
h6,d5,e7,d7,B
a7,d5,e7,d7,B
g7,d5,e7,d7,B
h7,d5,e7,d7,B
a8,d5,e7,d7,B
g8,d5,e7,d7,B
h8,d5,e7,d7,B
a1,d5,e7,f7,B
b1,d5,e7,f7,B
c1,d5,e7,f7,B
d1,d5,e7,f7,B
e1,d5,e7,f7,B
f1,d5,e7,f7,B
g1,d5,e7,f7,B
h1,d5,e7,f7,B
a2,d5,e7,f7,B
b2,d5,e7,f7,B
c2,d5,e7,f7,B
d2,d5,e7,f7,B
e2,d5,e7,f7,B
f2,d5,e7,f7,B
g2,d5,e7,f7,B
h2,d5,e7,f7,B
a3,d5,e7,f7,B
b3,d5,e7,f7,B
c3,d5,e7,f7,B
d3,d5,e7,f7,B
e3,d5,e7,f7,B
f3,d5,e7,f7,B
g3,d5,e7,f7,B
h3,d5,e7,f7,B
a4,d5,e7,f7,B
b4,d5,e7,f7,B
c4,d5,e7,f7,B
d4,d5,e7,f7,B
e4,d5,e7,f7,B
f4,d5,e7,f7,B
g4,d5,e7,f7,B
h4,d5,e7,f7,B
a5,d5,e7,f7,B
e5,d5,e7,f7,B
f5,d5,e7,f7,B
g5,d5,e7,f7,B
h5,d5,e7,f7,B
a6,d5,e7,f7,B
h6,d5,e7,f7,B
a7,d5,e7,f7,B
h7,d5,e7,f7,B
a8,d5,e7,f7,B
h8,d5,e7,f7,B
a1,d5,e7,d8,B
b1,d5,e7,d8,B
c1,d5,e7,d8,B
d1,d5,e7,d8,B
e1,d5,e7,d8,B
f1,d5,e7,d8,B
g1,d5,e7,d8,B
h1,d5,e7,d8,B
a2,d5,e7,d8,B
b2,d5,e7,d8,B
c2,d5,e7,d8,B
d2,d5,e7,d8,B
e2,d5,e7,d8,B
f2,d5,e7,d8,B
g2,d5,e7,d8,B
h2,d5,e7,d8,B
a3,d5,e7,d8,B
b3,d5,e7,d8,B
c3,d5,e7,d8,B
d3,d5,e7,d8,B
e3,d5,e7,d8,B
f3,d5,e7,d8,B
g3,d5,e7,d8,B
h3,d5,e7,d8,B
a4,d5,e7,d8,B
b4,d5,e7,d8,B
c4,d5,e7,d8,B
d4,d5,e7,d8,B
e4,d5,e7,d8,B
f4,d5,e7,d8,B
g4,d5,e7,d8,B
h4,d5,e7,d8,B
a5,d5,e7,d8,B
e5,d5,e7,d8,B
f5,d5,e7,d8,B
g5,d5,e7,d8,B
h5,d5,e7,d8,B
a6,d5,e7,d8,B
g6,d5,e7,d8,B
h6,d5,e7,d8,B
a7,d5,e7,d8,B
g7,d5,e7,d8,B
h7,d5,e7,d8,B
a8,d5,e7,d8,B
g8,d5,e7,d8,B
h8,d5,e7,d8,B
a1,d5,e7,e8,B
b1,d5,e7,e8,B
c1,d5,e7,e8,B
d1,d5,e7,e8,B
e1,d5,e7,e8,B
f1,d5,e7,e8,B
g1,d5,e7,e8,B
h1,d5,e7,e8,B
a2,d5,e7,e8,B
b2,d5,e7,e8,B
c2,d5,e7,e8,B
d2,d5,e7,e8,B
e2,d5,e7,e8,B
f2,d5,e7,e8,B
g2,d5,e7,e8,B
h2,d5,e7,e8,B
a3,d5,e7,e8,B
b3,d5,e7,e8,B
c3,d5,e7,e8,B
d3,d5,e7,e8,B
e3,d5,e7,e8,B
f3,d5,e7,e8,B
g3,d5,e7,e8,B
h3,d5,e7,e8,B
a4,d5,e7,e8,B
b4,d5,e7,e8,B
c4,d5,e7,e8,B
d4,d5,e7,e8,B
e4,d5,e7,e8,B
f4,d5,e7,e8,B
g4,d5,e7,e8,B
h4,d5,e7,e8,B
a5,d5,e7,e8,B
e5,d5,e7,e8,B
f5,d5,e7,e8,B
g5,d5,e7,e8,B
h5,d5,e7,e8,B
a6,d5,e7,e8,B
e6,d5,e7,e8,B
g6,d5,e7,e8,B
h6,d5,e7,e8,B
a7,d5,e7,e8,B
g7,d5,e7,e8,B
h7,d5,e7,e8,B
a8,d5,e7,e8,B
g8,d5,e7,e8,B
h8,d5,e7,e8,B
a1,d5,e7,f8,B
b1,d5,e7,f8,B
c1,d5,e7,f8,B
d1,d5,e7,f8,B
e1,d5,e7,f8,B
f1,d5,e7,f8,B
g1,d5,e7,f8,B
h1,d5,e7,f8,B
a2,d5,e7,f8,B
b2,d5,e7,f8,B
c2,d5,e7,f8,B
d2,d5,e7,f8,B
e2,d5,e7,f8,B
f2,d5,e7,f8,B
g2,d5,e7,f8,B
h2,d5,e7,f8,B
a3,d5,e7,f8,B
b3,d5,e7,f8,B
c3,d5,e7,f8,B
d3,d5,e7,f8,B
e3,d5,e7,f8,B
f3,d5,e7,f8,B
g3,d5,e7,f8,B
h3,d5,e7,f8,B
a4,d5,e7,f8,B
b4,d5,e7,f8,B
c4,d5,e7,f8,B
d4,d5,e7,f8,B
e4,d5,e7,f8,B
f4,d5,e7,f8,B
g4,d5,e7,f8,B
h4,d5,e7,f8,B
a5,d5,e7,f8,B
e5,d5,e7,f8,B
f5,d5,e7,f8,B
g5,d5,e7,f8,B
h5,d5,e7,f8,B
a6,d5,e7,f8,B
g6,d5,e7,f8,B
h6,d5,e7,f8,B
a7,d5,e7,f8,B
h7,d5,e7,f8,B
a8,d5,e7,f8,B
h8,d5,e7,f8,B
a1,d6,e2,b5,B
b1,d6,e2,b5,B
c1,d6,e2,b5,B
d1,d6,e2,b5,B
a2,d6,e2,b5,B
a3,d6,e2,b5,B
a7,d6,e2,b5,B
a8,d6,e2,b5,B
b8,d6,e2,b5,B
a1,d6,e2,c5,B
b1,d6,e2,c5,B
c1,d6,e2,c5,B
d1,d6,e2,c5,B
e1,d6,e2,c5,B
f1,d6,e2,c5,B
g1,d6,e2,c5,B
h1,d6,e2,c5,B
a2,d6,e2,c5,B
b2,d6,e2,c5,B
c2,d6,e2,c5,B
d2,d6,e2,c5,B
h2,d6,e2,c5,B
a3,d6,e2,c5,B
b3,d6,e2,c5,B
h3,d6,e2,c5,B
a4,d6,e2,c5,B
h4,d6,e2,c5,B
a5,d6,e2,c5,B
h5,d6,e2,c5,B
a6,d6,e2,c5,B
h6,d6,e2,c5,B
a7,d6,e2,c5,B
b7,d6,e2,c5,B
h7,d6,e2,c5,B
a8,d6,e2,c5,B
b8,d6,e2,c5,B
c8,d6,e2,c5,B
d8,d6,e2,c5,B
e8,d6,e2,c5,B
f8,d6,e2,c5,B
g8,d6,e2,c5,B
h8,d6,e2,c5,B
a1,d6,e2,d5,B
b1,d6,e2,d5,B
c1,d6,e2,d5,B
d1,d6,e2,d5,B
e1,d6,e2,d5,B
f1,d6,e2,d5,B
g1,d6,e2,d5,B
h1,d6,e2,d5,B
a2,d6,e2,d5,B
b2,d6,e2,d5,B
c2,d6,e2,d5,B
d2,d6,e2,d5,B
h2,d6,e2,d5,B
a3,d6,e2,d5,B
b3,d6,e2,d5,B
h3,d6,e2,d5,B
a4,d6,e2,d5,B
b4,d6,e2,d5,B
h4,d6,e2,d5,B
a5,d6,e2,d5,B
b5,d6,e2,d5,B
h5,d6,e2,d5,B
a6,d6,e2,d5,B
b6,d6,e2,d5,B
h6,d6,e2,d5,B
a7,d6,e2,d5,B
b7,d6,e2,d5,B
h7,d6,e2,d5,B
a8,d6,e2,d5,B
b8,d6,e2,d5,B
c8,d6,e2,d5,B
d8,d6,e2,d5,B
e8,d6,e2,d5,B
f8,d6,e2,d5,B
g8,d6,e2,d5,B
h8,d6,e2,d5,B
a1,d6,e2,e5,B
b1,d6,e2,e5,B
c1,d6,e2,e5,B
d1,d6,e2,e5,B
e1,d6,e2,e5,B
f1,d6,e2,e5,B
g1,d6,e2,e5,B
h1,d6,e2,e5,B
a2,d6,e2,e5,B
b2,d6,e2,e5,B
c2,d6,e2,e5,B
d2,d6,e2,e5,B
h2,d6,e2,e5,B
a3,d6,e2,e5,B
b3,d6,e2,e5,B
h3,d6,e2,e5,B
a4,d6,e2,e5,B
b4,d6,e2,e5,B
h4,d6,e2,e5,B
a5,d6,e2,e5,B
b5,d6,e2,e5,B
h5,d6,e2,e5,B
a6,d6,e2,e5,B
b6,d6,e2,e5,B
h6,d6,e2,e5,B
a7,d6,e2,e5,B
b7,d6,e2,e5,B
h7,d6,e2,e5,B
a8,d6,e2,e5,B
b8,d6,e2,e5,B
c8,d6,e2,e5,B
d8,d6,e2,e5,B
e8,d6,e2,e5,B
f8,d6,e2,e5,B
g8,d6,e2,e5,B
h8,d6,e2,e5,B
a1,d6,e2,f5,B
b1,d6,e2,f5,B
c1,d6,e2,f5,B
d1,d6,e2,f5,B
a2,d6,e2,f5,B
a3,d6,e2,f5,B
a4,d6,e2,f5,B
a5,d6,e2,f5,B
a6,d6,e2,f5,B
a7,d6,e2,f5,B
a8,d6,e2,f5,B
a1,d6,e2,b6,B
b1,d6,e2,b6,B
c1,d6,e2,b6,B
d1,d6,e2,b6,B
a2,d6,e2,b6,B
a3,d6,e2,b6,B
a4,d6,e2,b6,B
a8,d6,e2,b6,B
b8,d6,e2,b6,B
a1,d6,e2,c6,W
b1,d6,e2,c6,W
c1,d6,e2,c6,W
d1,d6,e2,c6,W
a2,d6,e2,c6,W
a3,d6,e2,c6,W
a4,d6,e2,c6,W
a5,d6,e2,c6,W
a6,d6,e2,c6,W
a7,d6,e2,c6,W
a8,d6,e2,c6,W
b8,d6,e2,c6,W
a1,d6,e2,c6,B
b1,d6,e2,c6,B
c1,d6,e2,c6,B
d1,d6,e2,c6,B
e1,d6,e2,c6,B
f1,d6,e2,c6,B
g1,d6,e2,c6,B
h1,d6,e2,c6,B
a2,d6,e2,c6,B
b2,d6,e2,c6,B
c2,d6,e2,c6,B
d2,d6,e2,c6,B
h2,d6,e2,c6,B
a3,d6,e2,c6,B
b3,d6,e2,c6,B
h3,d6,e2,c6,B
a4,d6,e2,c6,B
b4,d6,e2,c6,B
h4,d6,e2,c6,B
a5,d6,e2,c6,B
h5,d6,e2,c6,B
a6,d6,e2,c6,B
h6,d6,e2,c6,B
a7,d6,e2,c6,B
h7,d6,e2,c6,B
a8,d6,e2,c6,B
b8,d6,e2,c6,B
c8,d6,e2,c6,B
d8,d6,e2,c6,B
e8,d6,e2,c6,B
f8,d6,e2,c6,B
g8,d6,e2,c6,B
h8,d6,e2,c6,B
a1,d6,e2,e6,W
b1,d6,e2,e6,W
c1,d6,e2,e6,W
d1,d6,e2,e6,W
a2,d6,e2,e6,W
a3,d6,e2,e6,W
a4,d6,e2,e6,W
a5,d6,e2,e6,W
a6,d6,e2,e6,W
a7,d6,e2,e6,W
a8,d6,e2,e6,W
a1,d6,e2,e6,B
b1,d6,e2,e6,B
c1,d6,e2,e6,B
d1,d6,e2,e6,B
e1,d6,e2,e6,B
f1,d6,e2,e6,B
g1,d6,e2,e6,B
h1,d6,e2,e6,B
a2,d6,e2,e6,B
b2,d6,e2,e6,B
c2,d6,e2,e6,B
d2,d6,e2,e6,B
h2,d6,e2,e6,B
a3,d6,e2,e6,B
b3,d6,e2,e6,B
h3,d6,e2,e6,B
a4,d6,e2,e6,B
b4,d6,e2,e6,B
h4,d6,e2,e6,B
a5,d6,e2,e6,B
b5,d6,e2,e6,B
h5,d6,e2,e6,B
a6,d6,e2,e6,B
b6,d6,e2,e6,B
h6,d6,e2,e6,B
a7,d6,e2,e6,B
b7,d6,e2,e6,B
h7,d6,e2,e6,B
a8,d6,e2,e6,B
b8,d6,e2,e6,B
c8,d6,e2,e6,B
d8,d6,e2,e6,B
e8,d6,e2,e6,B
f8,d6,e2,e6,B
g8,d6,e2,e6,B
h8,d6,e2,e6,B
a1,d6,e2,f6,B
b1,d6,e2,f6,B
c1,d6,e2,f6,B
d1,d6,e2,f6,B
a2,d6,e2,f6,B
a3,d6,e2,f6,B
a4,d6,e2,f6,B
a5,d6,e2,f6,B
a6,d6,e2,f6,B
a7,d6,e2,f6,B
a8,d6,e2,f6,B
a1,d6,e2,b7,B
b1,d6,e2,b7,B
c1,d6,e2,b7,B
d1,d6,e2,b7,B
a2,d6,e2,b7,B
a3,d6,e2,b7,B
a4,d6,e2,b7,B
a5,d6,e2,b7,B
a1,d6,e2,c7,B
b1,d6,e2,c7,B
c1,d6,e2,c7,B
d1,d6,e2,c7,B
e1,d6,e2,c7,B
f1,d6,e2,c7,B
g1,d6,e2,c7,B
h1,d6,e2,c7,B
a2,d6,e2,c7,B
b2,d6,e2,c7,B
c2,d6,e2,c7,B
d2,d6,e2,c7,B
h2,d6,e2,c7,B
a3,d6,e2,c7,B
b3,d6,e2,c7,B
h3,d6,e2,c7,B
a4,d6,e2,c7,B
b4,d6,e2,c7,B
h4,d6,e2,c7,B
a5,d6,e2,c7,B
b5,d6,e2,c7,B
h5,d6,e2,c7,B
a6,d6,e2,c7,B
h6,d6,e2,c7,B
a7,d6,e2,c7,B
h7,d6,e2,c7,B
a8,d6,e2,c7,B
e8,d6,e2,c7,B
f8,d6,e2,c7,B
g8,d6,e2,c7,B
h8,d6,e2,c7,B
a1,d6,e2,d7,W
b1,d6,e2,d7,W
c1,d6,e2,d7,W
d1,d6,e2,d7,W
a2,d6,e2,d7,W
a3,d6,e2,d7,W
a4,d6,e2,d7,W
a5,d6,e2,d7,W
a6,d6,e2,d7,W
a7,d6,e2,d7,W
b7,d6,e2,d7,W
a8,d6,e2,d7,W
b8,d6,e2,d7,W
a1,d6,e2,d7,B
b1,d6,e2,d7,B
c1,d6,e2,d7,B
d1,d6,e2,d7,B
e1,d6,e2,d7,B
f1,d6,e2,d7,B
g1,d6,e2,d7,B
h1,d6,e2,d7,B
a2,d6,e2,d7,B
b2,d6,e2,d7,B
c2,d6,e2,d7,B
d2,d6,e2,d7,B
h2,d6,e2,d7,B
a3,d6,e2,d7,B
b3,d6,e2,d7,B
h3,d6,e2,d7,B
a4,d6,e2,d7,B
b4,d6,e2,d7,B
h4,d6,e2,d7,B
a5,d6,e2,d7,B
b5,d6,e2,d7,B
h5,d6,e2,d7,B
a6,d6,e2,d7,B
b6,d6,e2,d7,B
h6,d6,e2,d7,B
a7,d6,e2,d7,B
b7,d6,e2,d7,B
h7,d6,e2,d7,B
a8,d6,e2,d7,B
b8,d6,e2,d7,B
f8,d6,e2,d7,B
g8,d6,e2,d7,B
h8,d6,e2,d7,B
a1,d6,e2,e7,B
b1,d6,e2,e7,B
c1,d6,e2,e7,B
d1,d6,e2,e7,B
e1,d6,e2,e7,B
f1,d6,e2,e7,B
g1,d6,e2,e7,B
h1,d6,e2,e7,B
a2,d6,e2,e7,B
b2,d6,e2,e7,B
c2,d6,e2,e7,B
d2,d6,e2,e7,B
h2,d6,e2,e7,B
a3,d6,e2,e7,B
b3,d6,e2,e7,B
h3,d6,e2,e7,B
a4,d6,e2,e7,B
b4,d6,e2,e7,B
h4,d6,e2,e7,B
a5,d6,e2,e7,B
b5,d6,e2,e7,B
h5,d6,e2,e7,B
a6,d6,e2,e7,B
b6,d6,e2,e7,B
h6,d6,e2,e7,B
a7,d6,e2,e7,B
b7,d6,e2,e7,B
h7,d6,e2,e7,B
a8,d6,e2,e7,B
b8,d6,e2,e7,B
c8,d6,e2,e7,B
g8,d6,e2,e7,B
h8,d6,e2,e7,B
a1,d6,e2,f7,B
b1,d6,e2,f7,B
c1,d6,e2,f7,B
d1,d6,e2,f7,B
a2,d6,e2,f7,B
a3,d6,e2,f7,B
a4,d6,e2,f7,B
a5,d6,e2,f7,B
a6,d6,e2,f7,B
a7,d6,e2,f7,B
a8,d6,e2,f7,B
a1,d6,e2,c8,B
b1,d6,e2,c8,B
c1,d6,e2,c8,B
d1,d6,e2,c8,B
a2,d6,e2,c8,B
a3,d6,e2,c8,B
a4,d6,e2,c8,B
a5,d6,e2,c8,B
a6,d6,e2,c8,B
a7,d6,e2,c8,B
a8,d6,e2,c8,B
a1,d6,e2,d8,B
b1,d6,e2,d8,B
c1,d6,e2,d8,B
d1,d6,e2,d8,B
a2,d6,e2,d8,B
a3,d6,e2,d8,B
a4,d6,e2,d8,B
a5,d6,e2,d8,B
a6,d6,e2,d8,B
a7,d6,e2,d8,B
b7,d6,e2,d8,B
a8,d6,e2,d8,B
b8,d6,e2,d8,B
a1,d6,e2,e8,B
b1,d6,e2,e8,B
c1,d6,e2,e8,B
d1,d6,e2,e8,B
a2,d6,e2,e8,B
a3,d6,e2,e8,B
a4,d6,e2,e8,B
a5,d6,e2,e8,B
a6,d6,e2,e8,B
a7,d6,e2,e8,B
b7,d6,e2,e8,B
a8,d6,e2,e8,B
b8,d6,e2,e8,B
a1,d6,e3,b5,B
b1,d6,e3,b5,B
c1,d6,e3,b5,B
d1,d6,e3,b5,B
e1,d6,e3,b5,B
f1,d6,e3,b5,B
g1,d6,e3,b5,B
h1,d6,e3,b5,B
a2,d6,e3,b5,B
a3,d6,e3,b5,B
a7,d6,e3,b5,B
a8,d6,e3,b5,B
b8,d6,e3,b5,B
a1,d6,e3,c5,B
b1,d6,e3,c5,B
c1,d6,e3,c5,B
d1,d6,e3,c5,B
e1,d6,e3,c5,B
f1,d6,e3,c5,B
g1,d6,e3,c5,B
h1,d6,e3,c5,B
a2,d6,e3,c5,B
b2,d6,e3,c5,B
c2,d6,e3,c5,B
d2,d6,e3,c5,B
e2,d6,e3,c5,B
f2,d6,e3,c5,B
g2,d6,e3,c5,B
h2,d6,e3,c5,B
a3,d6,e3,c5,B
b3,d6,e3,c5,B
h3,d6,e3,c5,B
a4,d6,e3,c5,B
h4,d6,e3,c5,B
a5,d6,e3,c5,B
h5,d6,e3,c5,B
a6,d6,e3,c5,B
h6,d6,e3,c5,B
a7,d6,e3,c5,B
b7,d6,e3,c5,B
h7,d6,e3,c5,B
a8,d6,e3,c5,B
b8,d6,e3,c5,B
c8,d6,e3,c5,B
d8,d6,e3,c5,B
e8,d6,e3,c5,B
f8,d6,e3,c5,B
g8,d6,e3,c5,B
h8,d6,e3,c5,B
a1,d6,e3,d5,B
b1,d6,e3,d5,B
c1,d6,e3,d5,B
d1,d6,e3,d5,B
e1,d6,e3,d5,B
f1,d6,e3,d5,B
g1,d6,e3,d5,B
h1,d6,e3,d5,B
a2,d6,e3,d5,B
b2,d6,e3,d5,B
c2,d6,e3,d5,B
d2,d6,e3,d5,B
e2,d6,e3,d5,B
f2,d6,e3,d5,B
g2,d6,e3,d5,B
h2,d6,e3,d5,B
a3,d6,e3,d5,B
b3,d6,e3,d5,B
h3,d6,e3,d5,B
a4,d6,e3,d5,B
b4,d6,e3,d5,B
h4,d6,e3,d5,B
a5,d6,e3,d5,B
b5,d6,e3,d5,B
h5,d6,e3,d5,B
a6,d6,e3,d5,B
b6,d6,e3,d5,B
h6,d6,e3,d5,B
a7,d6,e3,d5,B
b7,d6,e3,d5,B
h7,d6,e3,d5,B
a8,d6,e3,d5,B
b8,d6,e3,d5,B
c8,d6,e3,d5,B
d8,d6,e3,d5,B
e8,d6,e3,d5,B
f8,d6,e3,d5,B
g8,d6,e3,d5,B
h8,d6,e3,d5,B
a1,d6,e3,e5,B
b1,d6,e3,e5,B
c1,d6,e3,e5,B
d1,d6,e3,e5,B
e1,d6,e3,e5,B
f1,d6,e3,e5,B
g1,d6,e3,e5,B
h1,d6,e3,e5,B
a2,d6,e3,e5,B
b2,d6,e3,e5,B
c2,d6,e3,e5,B
d2,d6,e3,e5,B
e2,d6,e3,e5,B
f2,d6,e3,e5,B
g2,d6,e3,e5,B
h2,d6,e3,e5,B
a3,d6,e3,e5,B
b3,d6,e3,e5,B
h3,d6,e3,e5,B
a4,d6,e3,e5,B
b4,d6,e3,e5,B
h4,d6,e3,e5,B
a5,d6,e3,e5,B
b5,d6,e3,e5,B
h5,d6,e3,e5,B
a6,d6,e3,e5,B
b6,d6,e3,e5,B
h6,d6,e3,e5,B
a7,d6,e3,e5,B
b7,d6,e3,e5,B
h7,d6,e3,e5,B
a8,d6,e3,e5,B
b8,d6,e3,e5,B
c8,d6,e3,e5,B
d8,d6,e3,e5,B
e8,d6,e3,e5,B
f8,d6,e3,e5,B
g8,d6,e3,e5,B
h8,d6,e3,e5,B
a1,d6,e3,f5,B
b1,d6,e3,f5,B
c1,d6,e3,f5,B
d1,d6,e3,f5,B
e1,d6,e3,f5,B
f1,d6,e3,f5,B
g1,d6,e3,f5,B
h1,d6,e3,f5,B
a2,d6,e3,f5,B
a3,d6,e3,f5,B
a4,d6,e3,f5,B
a5,d6,e3,f5,B
a6,d6,e3,f5,B
a7,d6,e3,f5,B
a8,d6,e3,f5,B
a1,d6,e3,b6,B
b1,d6,e3,b6,B
c1,d6,e3,b6,B
d1,d6,e3,b6,B
e1,d6,e3,b6,B
f1,d6,e3,b6,B
g1,d6,e3,b6,B
h1,d6,e3,b6,B
a2,d6,e3,b6,B
a3,d6,e3,b6,B
a4,d6,e3,b6,B
a8,d6,e3,b6,B
b8,d6,e3,b6,B
a1,d6,e3,c6,W
b1,d6,e3,c6,W
c1,d6,e3,c6,W
d1,d6,e3,c6,W
e1,d6,e3,c6,W
f1,d6,e3,c6,W
g1,d6,e3,c6,W
h1,d6,e3,c6,W
a2,d6,e3,c6,W
a3,d6,e3,c6,W
a4,d6,e3,c6,W
a5,d6,e3,c6,W
a6,d6,e3,c6,W
a7,d6,e3,c6,W
a8,d6,e3,c6,W
b8,d6,e3,c6,W
a1,d6,e3,c6,B
b1,d6,e3,c6,B
c1,d6,e3,c6,B
d1,d6,e3,c6,B
e1,d6,e3,c6,B
f1,d6,e3,c6,B
g1,d6,e3,c6,B
h1,d6,e3,c6,B
a2,d6,e3,c6,B
b2,d6,e3,c6,B
c2,d6,e3,c6,B
d2,d6,e3,c6,B
e2,d6,e3,c6,B
f2,d6,e3,c6,B
g2,d6,e3,c6,B
h2,d6,e3,c6,B
a3,d6,e3,c6,B
b3,d6,e3,c6,B
h3,d6,e3,c6,B
a4,d6,e3,c6,B
b4,d6,e3,c6,B
d4,d6,e3,c6,B
h4,d6,e3,c6,B
a5,d6,e3,c6,B
h5,d6,e3,c6,B
a6,d6,e3,c6,B
h6,d6,e3,c6,B
a7,d6,e3,c6,B
h7,d6,e3,c6,B
a8,d6,e3,c6,B
b8,d6,e3,c6,B
c8,d6,e3,c6,B
d8,d6,e3,c6,B
e8,d6,e3,c6,B
f8,d6,e3,c6,B
g8,d6,e3,c6,B
h8,d6,e3,c6,B
a1,d6,e3,e6,W
b1,d6,e3,e6,W
c1,d6,e3,e6,W
d1,d6,e3,e6,W
e1,d6,e3,e6,W
f1,d6,e3,e6,W
g1,d6,e3,e6,W
h1,d6,e3,e6,W
a2,d6,e3,e6,W
a3,d6,e3,e6,W
a4,d6,e3,e6,W
a5,d6,e3,e6,W
a6,d6,e3,e6,W
a7,d6,e3,e6,W
a8,d6,e3,e6,W
a1,d6,e3,e6,B
b1,d6,e3,e6,B
c1,d6,e3,e6,B
d1,d6,e3,e6,B
e1,d6,e3,e6,B
f1,d6,e3,e6,B
g1,d6,e3,e6,B
h1,d6,e3,e6,B
a2,d6,e3,e6,B
b2,d6,e3,e6,B
c2,d6,e3,e6,B
d2,d6,e3,e6,B
e2,d6,e3,e6,B
f2,d6,e3,e6,B
g2,d6,e3,e6,B
h2,d6,e3,e6,B
a3,d6,e3,e6,B
b3,d6,e3,e6,B
h3,d6,e3,e6,B
a4,d6,e3,e6,B
b4,d6,e3,e6,B
d4,d6,e3,e6,B
h4,d6,e3,e6,B
a5,d6,e3,e6,B
b5,d6,e3,e6,B
h5,d6,e3,e6,B
a6,d6,e3,e6,B
b6,d6,e3,e6,B
h6,d6,e3,e6,B
a7,d6,e3,e6,B
b7,d6,e3,e6,B
h7,d6,e3,e6,B
a8,d6,e3,e6,B
b8,d6,e3,e6,B
c8,d6,e3,e6,B
d8,d6,e3,e6,B
e8,d6,e3,e6,B
f8,d6,e3,e6,B
g8,d6,e3,e6,B
h8,d6,e3,e6,B
a1,d6,e3,f6,B
b1,d6,e3,f6,B
c1,d6,e3,f6,B
d1,d6,e3,f6,B
e1,d6,e3,f6,B
f1,d6,e3,f6,B
g1,d6,e3,f6,B
h1,d6,e3,f6,B
a2,d6,e3,f6,B
a3,d6,e3,f6,B
a4,d6,e3,f6,B
a5,d6,e3,f6,B
a6,d6,e3,f6,B
a7,d6,e3,f6,B
a8,d6,e3,f6,B
a1,d6,e3,b7,B
b1,d6,e3,b7,B
c1,d6,e3,b7,B
d1,d6,e3,b7,B
e1,d6,e3,b7,B
f1,d6,e3,b7,B
g1,d6,e3,b7,B
h1,d6,e3,b7,B
a2,d6,e3,b7,B
a3,d6,e3,b7,B
a4,d6,e3,b7,B
a5,d6,e3,b7,B
a1,d6,e3,c7,B
b1,d6,e3,c7,B
c1,d6,e3,c7,B
d1,d6,e3,c7,B
e1,d6,e3,c7,B
f1,d6,e3,c7,B
g1,d6,e3,c7,B
h1,d6,e3,c7,B
a2,d6,e3,c7,B
b2,d6,e3,c7,B
c2,d6,e3,c7,B
d2,d6,e3,c7,B
e2,d6,e3,c7,B
f2,d6,e3,c7,B
g2,d6,e3,c7,B
h2,d6,e3,c7,B
a3,d6,e3,c7,B
b3,d6,e3,c7,B
h3,d6,e3,c7,B
a4,d6,e3,c7,B
b4,d6,e3,c7,B
d4,d6,e3,c7,B
h4,d6,e3,c7,B
a5,d6,e3,c7,B
b5,d6,e3,c7,B
h5,d6,e3,c7,B
a6,d6,e3,c7,B
h6,d6,e3,c7,B
a7,d6,e3,c7,B
h7,d6,e3,c7,B
a8,d6,e3,c7,B
e8,d6,e3,c7,B
f8,d6,e3,c7,B
g8,d6,e3,c7,B
h8,d6,e3,c7,B
a1,d6,e3,d7,W
b1,d6,e3,d7,W
c1,d6,e3,d7,W
d1,d6,e3,d7,W
e1,d6,e3,d7,W
f1,d6,e3,d7,W
g1,d6,e3,d7,W
h1,d6,e3,d7,W
a2,d6,e3,d7,W
a3,d6,e3,d7,W
a4,d6,e3,d7,W
a5,d6,e3,d7,W
a6,d6,e3,d7,W
a7,d6,e3,d7,W
b7,d6,e3,d7,W
a8,d6,e3,d7,W
b8,d6,e3,d7,W
a1,d6,e3,d7,B
b1,d6,e3,d7,B
c1,d6,e3,d7,B
d1,d6,e3,d7,B
e1,d6,e3,d7,B
f1,d6,e3,d7,B
g1,d6,e3,d7,B
h1,d6,e3,d7,B
a2,d6,e3,d7,B
b2,d6,e3,d7,B
c2,d6,e3,d7,B
d2,d6,e3,d7,B
e2,d6,e3,d7,B
f2,d6,e3,d7,B
g2,d6,e3,d7,B
h2,d6,e3,d7,B
a3,d6,e3,d7,B
b3,d6,e3,d7,B
h3,d6,e3,d7,B
a4,d6,e3,d7,B
b4,d6,e3,d7,B
d4,d6,e3,d7,B
h4,d6,e3,d7,B
a5,d6,e3,d7,B
b5,d6,e3,d7,B
h5,d6,e3,d7,B
a6,d6,e3,d7,B
b6,d6,e3,d7,B
h6,d6,e3,d7,B
a7,d6,e3,d7,B
b7,d6,e3,d7,B
h7,d6,e3,d7,B
a8,d6,e3,d7,B
b8,d6,e3,d7,B
f8,d6,e3,d7,B
g8,d6,e3,d7,B
h8,d6,e3,d7,B
a1,d6,e3,e7,B
b1,d6,e3,e7,B
c1,d6,e3,e7,B
d1,d6,e3,e7,B
e1,d6,e3,e7,B
f1,d6,e3,e7,B
g1,d6,e3,e7,B
h1,d6,e3,e7,B
a2,d6,e3,e7,B
b2,d6,e3,e7,B
c2,d6,e3,e7,B
d2,d6,e3,e7,B
e2,d6,e3,e7,B
f2,d6,e3,e7,B
g2,d6,e3,e7,B
h2,d6,e3,e7,B
a3,d6,e3,e7,B
b3,d6,e3,e7,B
h3,d6,e3,e7,B
a4,d6,e3,e7,B
b4,d6,e3,e7,B
d4,d6,e3,e7,B
h4,d6,e3,e7,B
a5,d6,e3,e7,B
b5,d6,e3,e7,B
h5,d6,e3,e7,B
a6,d6,e3,e7,B
b6,d6,e3,e7,B
h6,d6,e3,e7,B
a7,d6,e3,e7,B
b7,d6,e3,e7,B
h7,d6,e3,e7,B
a8,d6,e3,e7,B
b8,d6,e3,e7,B
c8,d6,e3,e7,B
g8,d6,e3,e7,B
h8,d6,e3,e7,B
a1,d6,e3,f7,B
b1,d6,e3,f7,B
c1,d6,e3,f7,B
d1,d6,e3,f7,B
e1,d6,e3,f7,B
f1,d6,e3,f7,B
g1,d6,e3,f7,B
h1,d6,e3,f7,B
a2,d6,e3,f7,B
a3,d6,e3,f7,B
a4,d6,e3,f7,B
a5,d6,e3,f7,B
a6,d6,e3,f7,B
a7,d6,e3,f7,B
a8,d6,e3,f7,B
a1,d6,e3,c8,B
b1,d6,e3,c8,B
c1,d6,e3,c8,B
d1,d6,e3,c8,B
e1,d6,e3,c8,B
f1,d6,e3,c8,B
g1,d6,e3,c8,B
h1,d6,e3,c8,B
a2,d6,e3,c8,B
a3,d6,e3,c8,B
a4,d6,e3,c8,B
a5,d6,e3,c8,B
a6,d6,e3,c8,B
a7,d6,e3,c8,B
a8,d6,e3,c8,B
a1,d6,e3,d8,B
b1,d6,e3,d8,B
c1,d6,e3,d8,B
d1,d6,e3,d8,B
e1,d6,e3,d8,B
f1,d6,e3,d8,B
g1,d6,e3,d8,B
h1,d6,e3,d8,B
a2,d6,e3,d8,B
a3,d6,e3,d8,B
a4,d6,e3,d8,B
a5,d6,e3,d8,B
a6,d6,e3,d8,B
a7,d6,e3,d8,B
b7,d6,e3,d8,B
a8,d6,e3,d8,B
b8,d6,e3,d8,B
a1,d6,e3,e8,B
b1,d6,e3,e8,B
c1,d6,e3,e8,B
d1,d6,e3,e8,B
e1,d6,e3,e8,B
f1,d6,e3,e8,B
g1,d6,e3,e8,B
h1,d6,e3,e8,B
a2,d6,e3,e8,B
a3,d6,e3,e8,B
a4,d6,e3,e8,B
a5,d6,e3,e8,B
a6,d6,e3,e8,B
a7,d6,e3,e8,B
b7,d6,e3,e8,B
a8,d6,e3,e8,B
b8,d6,e3,e8,B
a1,d6,e4,c5,B
b1,d6,e4,c5,B
c1,d6,e4,c5,B
d1,d6,e4,c5,B
e1,d6,e4,c5,B
f1,d6,e4,c5,B
g1,d6,e4,c5,B
h1,d6,e4,c5,B
a2,d6,e4,c5,B
b2,d6,e4,c5,B
c2,d6,e4,c5,B
d2,d6,e4,c5,B
e2,d6,e4,c5,B
f2,d6,e4,c5,B
g2,d6,e4,c5,B
h2,d6,e4,c5,B
a3,d6,e4,c5,B
b3,d6,e4,c5,B
c3,d6,e4,c5,B
d3,d6,e4,c5,B
e3,d6,e4,c5,B
f3,d6,e4,c5,B
g3,d6,e4,c5,B
h3,d6,e4,c5,B
a4,d6,e4,c5,B
h4,d6,e4,c5,B
a5,d6,e4,c5,B
h5,d6,e4,c5,B
a6,d6,e4,c5,B
h6,d6,e4,c5,B
a7,d6,e4,c5,B
b7,d6,e4,c5,B
h7,d6,e4,c5,B
a8,d6,e4,c5,B
b8,d6,e4,c5,B
c8,d6,e4,c5,B
d8,d6,e4,c5,B
e8,d6,e4,c5,B
f8,d6,e4,c5,B
g8,d6,e4,c5,B
h8,d6,e4,c5,B
a1,d6,e4,d5,B
b1,d6,e4,d5,B
c1,d6,e4,d5,B
d1,d6,e4,d5,B
e1,d6,e4,d5,B
f1,d6,e4,d5,B
g1,d6,e4,d5,B
h1,d6,e4,d5,B
a2,d6,e4,d5,B
b2,d6,e4,d5,B
c2,d6,e4,d5,B
d2,d6,e4,d5,B
e2,d6,e4,d5,B
f2,d6,e4,d5,B
g2,d6,e4,d5,B
h2,d6,e4,d5,B
a3,d6,e4,d5,B
b3,d6,e4,d5,B
c3,d6,e4,d5,B
d3,d6,e4,d5,B
e3,d6,e4,d5,B
f3,d6,e4,d5,B
g3,d6,e4,d5,B
h3,d6,e4,d5,B
a4,d6,e4,d5,B
b4,d6,e4,d5,B
h4,d6,e4,d5,B
a5,d6,e4,d5,B
b5,d6,e4,d5,B
h5,d6,e4,d5,B
a6,d6,e4,d5,B
b6,d6,e4,d5,B
h6,d6,e4,d5,B
a7,d6,e4,d5,B
b7,d6,e4,d5,B
h7,d6,e4,d5,B
a8,d6,e4,d5,B
b8,d6,e4,d5,B
c8,d6,e4,d5,B
d8,d6,e4,d5,B
e8,d6,e4,d5,B
f8,d6,e4,d5,B
g8,d6,e4,d5,B
h8,d6,e4,d5,B
a1,d6,e4,e5,B
b1,d6,e4,e5,B
c1,d6,e4,e5,B
d1,d6,e4,e5,B
e1,d6,e4,e5,B
f1,d6,e4,e5,B
g1,d6,e4,e5,B
h1,d6,e4,e5,B
a2,d6,e4,e5,B
b2,d6,e4,e5,B
c2,d6,e4,e5,B
d2,d6,e4,e5,B
e2,d6,e4,e5,B
f2,d6,e4,e5,B
g2,d6,e4,e5,B
h2,d6,e4,e5,B
a3,d6,e4,e5,B
b3,d6,e4,e5,B
c3,d6,e4,e5,B
d3,d6,e4,e5,B
e3,d6,e4,e5,B
f3,d6,e4,e5,B
g3,d6,e4,e5,B
h3,d6,e4,e5,B
a4,d6,e4,e5,B
b4,d6,e4,e5,B
c4,d6,e4,e5,B
h4,d6,e4,e5,B
a5,d6,e4,e5,B
b5,d6,e4,e5,B
h5,d6,e4,e5,B
a6,d6,e4,e5,B
b6,d6,e4,e5,B
h6,d6,e4,e5,B
a7,d6,e4,e5,B
b7,d6,e4,e5,B
h7,d6,e4,e5,B
a8,d6,e4,e5,B
b8,d6,e4,e5,B
c8,d6,e4,e5,B
d8,d6,e4,e5,B
e8,d6,e4,e5,B
f8,d6,e4,e5,B
g8,d6,e4,e5,B
h8,d6,e4,e5,B
a1,d6,e4,c6,B
b1,d6,e4,c6,B
c1,d6,e4,c6,B
d1,d6,e4,c6,B
e1,d6,e4,c6,B
f1,d6,e4,c6,B
g1,d6,e4,c6,B
h1,d6,e4,c6,B
a2,d6,e4,c6,B
b2,d6,e4,c6,B
c2,d6,e4,c6,B
d2,d6,e4,c6,B
e2,d6,e4,c6,B
f2,d6,e4,c6,B
g2,d6,e4,c6,B
h2,d6,e4,c6,B
a3,d6,e4,c6,B
b3,d6,e4,c6,B
c3,d6,e4,c6,B
d3,d6,e4,c6,B
e3,d6,e4,c6,B
f3,d6,e4,c6,B
g3,d6,e4,c6,B
h3,d6,e4,c6,B
a4,d6,e4,c6,B
b4,d6,e4,c6,B
c4,d6,e4,c6,B
d4,d6,e4,c6,B
h4,d6,e4,c6,B
a5,d6,e4,c6,B
h5,d6,e4,c6,B
a6,d6,e4,c6,B
h6,d6,e4,c6,B
a7,d6,e4,c6,B
h7,d6,e4,c6,B
a8,d6,e4,c6,B
b8,d6,e4,c6,B
c8,d6,e4,c6,B
d8,d6,e4,c6,B
e8,d6,e4,c6,B
f8,d6,e4,c6,B
g8,d6,e4,c6,B
h8,d6,e4,c6,B
a1,d6,e4,e6,B
b1,d6,e4,e6,B
c1,d6,e4,e6,B
d1,d6,e4,e6,B
e1,d6,e4,e6,B
f1,d6,e4,e6,B
g1,d6,e4,e6,B
h1,d6,e4,e6,B
a2,d6,e4,e6,B
b2,d6,e4,e6,B
c2,d6,e4,e6,B
d2,d6,e4,e6,B
e2,d6,e4,e6,B
f2,d6,e4,e6,B
g2,d6,e4,e6,B
h2,d6,e4,e6,B
a3,d6,e4,e6,B
b3,d6,e4,e6,B
c3,d6,e4,e6,B
d3,d6,e4,e6,B
e3,d6,e4,e6,B
f3,d6,e4,e6,B
g3,d6,e4,e6,B
h3,d6,e4,e6,B
a4,d6,e4,e6,B
b4,d6,e4,e6,B
c4,d6,e4,e6,B
d4,d6,e4,e6,B
h4,d6,e4,e6,B
a5,d6,e4,e6,B
b5,d6,e4,e6,B
h5,d6,e4,e6,B
a6,d6,e4,e6,B
b6,d6,e4,e6,B
h6,d6,e4,e6,B
a7,d6,e4,e6,B
b7,d6,e4,e6,B
h7,d6,e4,e6,B
a8,d6,e4,e6,B
b8,d6,e4,e6,B
c8,d6,e4,e6,B
d8,d6,e4,e6,B
e8,d6,e4,e6,B
f8,d6,e4,e6,B
g8,d6,e4,e6,B
h8,d6,e4,e6,B
a1,d6,e4,c7,B
b1,d6,e4,c7,B
c1,d6,e4,c7,B
d1,d6,e4,c7,B
e1,d6,e4,c7,B
f1,d6,e4,c7,B
g1,d6,e4,c7,B
h1,d6,e4,c7,B
a2,d6,e4,c7,B
b2,d6,e4,c7,B
c2,d6,e4,c7,B
d2,d6,e4,c7,B
e2,d6,e4,c7,B
f2,d6,e4,c7,B
g2,d6,e4,c7,B
h2,d6,e4,c7,B
a3,d6,e4,c7,B
b3,d6,e4,c7,B
c3,d6,e4,c7,B
d3,d6,e4,c7,B
e3,d6,e4,c7,B
f3,d6,e4,c7,B
g3,d6,e4,c7,B
h3,d6,e4,c7,B
a4,d6,e4,c7,B
b4,d6,e4,c7,B
c4,d6,e4,c7,B
d4,d6,e4,c7,B
h4,d6,e4,c7,B
a5,d6,e4,c7,B
b5,d6,e4,c7,B
h5,d6,e4,c7,B
a6,d6,e4,c7,B
h6,d6,e4,c7,B
a7,d6,e4,c7,B
h7,d6,e4,c7,B
a8,d6,e4,c7,B
e8,d6,e4,c7,B
f8,d6,e4,c7,B
g8,d6,e4,c7,B
h8,d6,e4,c7,B
a1,d6,e4,d7,B
b1,d6,e4,d7,B
c1,d6,e4,d7,B
d1,d6,e4,d7,B
e1,d6,e4,d7,B
f1,d6,e4,d7,B
g1,d6,e4,d7,B
h1,d6,e4,d7,B
a2,d6,e4,d7,B
b2,d6,e4,d7,B
c2,d6,e4,d7,B
d2,d6,e4,d7,B
e2,d6,e4,d7,B
f2,d6,e4,d7,B
g2,d6,e4,d7,B
h2,d6,e4,d7,B
a3,d6,e4,d7,B
b3,d6,e4,d7,B
c3,d6,e4,d7,B
d3,d6,e4,d7,B
e3,d6,e4,d7,B
f3,d6,e4,d7,B
g3,d6,e4,d7,B
h3,d6,e4,d7,B
a4,d6,e4,d7,B
b4,d6,e4,d7,B
c4,d6,e4,d7,B
d4,d6,e4,d7,B
h4,d6,e4,d7,B
a5,d6,e4,d7,B
b5,d6,e4,d7,B
h5,d6,e4,d7,B
a6,d6,e4,d7,B
b6,d6,e4,d7,B
h6,d6,e4,d7,B
a7,d6,e4,d7,B
b7,d6,e4,d7,B
h7,d6,e4,d7,B
a8,d6,e4,d7,B
b8,d6,e4,d7,B
f8,d6,e4,d7,B
g8,d6,e4,d7,B
h8,d6,e4,d7,B
a1,d6,e4,e7,B
b1,d6,e4,e7,B
c1,d6,e4,e7,B
d1,d6,e4,e7,B
e1,d6,e4,e7,B
f1,d6,e4,e7,B
g1,d6,e4,e7,B
h1,d6,e4,e7,B
a2,d6,e4,e7,B
b2,d6,e4,e7,B
c2,d6,e4,e7,B
d2,d6,e4,e7,B
e2,d6,e4,e7,B
f2,d6,e4,e7,B
g2,d6,e4,e7,B
h2,d6,e4,e7,B
a3,d6,e4,e7,B
b3,d6,e4,e7,B
c3,d6,e4,e7,B
d3,d6,e4,e7,B
e3,d6,e4,e7,B
f3,d6,e4,e7,B
g3,d6,e4,e7,B
h3,d6,e4,e7,B
a4,d6,e4,e7,B
b4,d6,e4,e7,B
c4,d6,e4,e7,B
d4,d6,e4,e7,B
h4,d6,e4,e7,B
a5,d6,e4,e7,B
b5,d6,e4,e7,B
h5,d6,e4,e7,B
a6,d6,e4,e7,B
b6,d6,e4,e7,B
h6,d6,e4,e7,B
a7,d6,e4,e7,B
b7,d6,e4,e7,B
h7,d6,e4,e7,B
a8,d6,e4,e7,B
b8,d6,e4,e7,B
c8,d6,e4,e7,B
g8,d6,e4,e7,B
h8,d6,e4,e7,B
a1,d6,e6,c5,B
b1,d6,e6,c5,B
c1,d6,e6,c5,B
d1,d6,e6,c5,B
e1,d6,e6,c5,B
f1,d6,e6,c5,B
g1,d6,e6,c5,B
h1,d6,e6,c5,B
a2,d6,e6,c5,B
b2,d6,e6,c5,B
c2,d6,e6,c5,B
d2,d6,e6,c5,B
e2,d6,e6,c5,B
f2,d6,e6,c5,B
g2,d6,e6,c5,B
h2,d6,e6,c5,B
a3,d6,e6,c5,B
b3,d6,e6,c5,B
c3,d6,e6,c5,B
d3,d6,e6,c5,B
e3,d6,e6,c5,B
f3,d6,e6,c5,B
g3,d6,e6,c5,B
h3,d6,e6,c5,B
a4,d6,e6,c5,B
e4,d6,e6,c5,B
f4,d6,e6,c5,B
g4,d6,e6,c5,B
h4,d6,e6,c5,B
a5,d6,e6,c5,B
h5,d6,e6,c5,B
a6,d6,e6,c5,B
h6,d6,e6,c5,B
a7,d6,e6,c5,B
b7,d6,e6,c5,B
h7,d6,e6,c5,B
a8,d6,e6,c5,B
b8,d6,e6,c5,B
c8,d6,e6,c5,B
h8,d6,e6,c5,B
a1,d6,e6,d5,B
b1,d6,e6,d5,B
c1,d6,e6,d5,B
d1,d6,e6,d5,B
e1,d6,e6,d5,B
f1,d6,e6,d5,B
g1,d6,e6,d5,B
h1,d6,e6,d5,B
a2,d6,e6,d5,B
b2,d6,e6,d5,B
c2,d6,e6,d5,B
d2,d6,e6,d5,B
e2,d6,e6,d5,B
f2,d6,e6,d5,B
g2,d6,e6,d5,B
h2,d6,e6,d5,B
a3,d6,e6,d5,B
b3,d6,e6,d5,B
c3,d6,e6,d5,B
d3,d6,e6,d5,B
e3,d6,e6,d5,B
f3,d6,e6,d5,B
g3,d6,e6,d5,B
h3,d6,e6,d5,B
a4,d6,e6,d5,B
b4,d6,e6,d5,B
f4,d6,e6,d5,B
g4,d6,e6,d5,B
h4,d6,e6,d5,B
a5,d6,e6,d5,B
b5,d6,e6,d5,B
g5,d6,e6,d5,B
h5,d6,e6,d5,B
a6,d6,e6,d5,B
b6,d6,e6,d5,B
g6,d6,e6,d5,B
h6,d6,e6,d5,B
a7,d6,e6,d5,B
b7,d6,e6,d5,B
g7,d6,e6,d5,B
h7,d6,e6,d5,B
a8,d6,e6,d5,B
b8,d6,e6,d5,B
c8,d6,e6,d5,B
f8,d6,e6,d5,B
g8,d6,e6,d5,B
h8,d6,e6,d5,B
a1,d6,e6,e5,B
b1,d6,e6,e5,B
c1,d6,e6,e5,B
d1,d6,e6,e5,B
e1,d6,e6,e5,B
f1,d6,e6,e5,B
g1,d6,e6,e5,B
h1,d6,e6,e5,B
a2,d6,e6,e5,B
b2,d6,e6,e5,B
c2,d6,e6,e5,B
d2,d6,e6,e5,B
e2,d6,e6,e5,B
f2,d6,e6,e5,B
g2,d6,e6,e5,B
h2,d6,e6,e5,B
a3,d6,e6,e5,B
b3,d6,e6,e5,B
c3,d6,e6,e5,B
d3,d6,e6,e5,B
e3,d6,e6,e5,B
f3,d6,e6,e5,B
g3,d6,e6,e5,B
h3,d6,e6,e5,B
a4,d6,e6,e5,B
b4,d6,e6,e5,B
c4,d6,e6,e5,B
g4,d6,e6,e5,B
h4,d6,e6,e5,B
a5,d6,e6,e5,B
b5,d6,e6,e5,B
g5,d6,e6,e5,B
h5,d6,e6,e5,B
a6,d6,e6,e5,B
b6,d6,e6,e5,B
g6,d6,e6,e5,B
h6,d6,e6,e5,B
a7,d6,e6,e5,B
b7,d6,e6,e5,B
g7,d6,e6,e5,B
h7,d6,e6,e5,B
a8,d6,e6,e5,B
b8,d6,e6,e5,B
c8,d6,e6,e5,B
f8,d6,e6,e5,B
g8,d6,e6,e5,B
h8,d6,e6,e5,B
a1,d6,e6,f5,B
b1,d6,e6,f5,B
c1,d6,e6,f5,B
d1,d6,e6,f5,B
e1,d6,e6,f5,B
f1,d6,e6,f5,B
g1,d6,e6,f5,B
h1,d6,e6,f5,B
a2,d6,e6,f5,B
b2,d6,e6,f5,B
c2,d6,e6,f5,B
d2,d6,e6,f5,B
e2,d6,e6,f5,B
f2,d6,e6,f5,B
g2,d6,e6,f5,B
h2,d6,e6,f5,B
a3,d6,e6,f5,B
b3,d6,e6,f5,B
c3,d6,e6,f5,B
d3,d6,e6,f5,B
e3,d6,e6,f5,B
f3,d6,e6,f5,B
g3,d6,e6,f5,B
h3,d6,e6,f5,B
a4,d6,e6,f5,B
b4,d6,e6,f5,B
c4,d6,e6,f5,B
d4,d6,e6,f5,B
h4,d6,e6,f5,B
a5,d6,e6,f5,B
h5,d6,e6,f5,B
a6,d6,e6,f5,B
h6,d6,e6,f5,B
a7,d6,e6,f5,B
g7,d6,e6,f5,B
h7,d6,e6,f5,B
a8,d6,e6,f5,B
f8,d6,e6,f5,B
g8,d6,e6,f5,B
h8,d6,e6,f5,B
a1,d6,e6,c6,B
b1,d6,e6,c6,B
c1,d6,e6,c6,B
d1,d6,e6,c6,B
e1,d6,e6,c6,B
f1,d6,e6,c6,B
g1,d6,e6,c6,B
h1,d6,e6,c6,B
a2,d6,e6,c6,B
b2,d6,e6,c6,B
c2,d6,e6,c6,B
d2,d6,e6,c6,B
e2,d6,e6,c6,B
f2,d6,e6,c6,B
g2,d6,e6,c6,B
h2,d6,e6,c6,B
a3,d6,e6,c6,B
b3,d6,e6,c6,B
c3,d6,e6,c6,B
d3,d6,e6,c6,B
e3,d6,e6,c6,B
f3,d6,e6,c6,B
g3,d6,e6,c6,B
h3,d6,e6,c6,B
a4,d6,e6,c6,B
b4,d6,e6,c6,B
c4,d6,e6,c6,B
d4,d6,e6,c6,B
e4,d6,e6,c6,B
f4,d6,e6,c6,B
g4,d6,e6,c6,B
h4,d6,e6,c6,B
a5,d6,e6,c6,B
h5,d6,e6,c6,B
a6,d6,e6,c6,B
h6,d6,e6,c6,B
a7,d6,e6,c6,B
h7,d6,e6,c6,B
a8,d6,e6,c6,B
b8,d6,e6,c6,B
c8,d6,e6,c6,B
h8,d6,e6,c6,B
a1,d6,e6,f6,B
b1,d6,e6,f6,B
c1,d6,e6,f6,B
d1,d6,e6,f6,B
e1,d6,e6,f6,B
f1,d6,e6,f6,B
g1,d6,e6,f6,B
h1,d6,e6,f6,B
a2,d6,e6,f6,B
b2,d6,e6,f6,B
c2,d6,e6,f6,B
d2,d6,e6,f6,B
e2,d6,e6,f6,B
f2,d6,e6,f6,B
g2,d6,e6,f6,B
h2,d6,e6,f6,B
a3,d6,e6,f6,B
b3,d6,e6,f6,B
c3,d6,e6,f6,B
d3,d6,e6,f6,B
e3,d6,e6,f6,B
f3,d6,e6,f6,B
g3,d6,e6,f6,B
h3,d6,e6,f6,B
a4,d6,e6,f6,B
b4,d6,e6,f6,B
c4,d6,e6,f6,B
d4,d6,e6,f6,B
e4,d6,e6,f6,B
f4,d6,e6,f6,B
g4,d6,e6,f6,B
h4,d6,e6,f6,B
a5,d6,e6,f6,B
h5,d6,e6,f6,B
a6,d6,e6,f6,B
h6,d6,e6,f6,B
a7,d6,e6,f6,B
h7,d6,e6,f6,B
a8,d6,e6,f6,B
f8,d6,e6,f6,B
g8,d6,e6,f6,B
h8,d6,e6,f6,B
a1,d6,e6,c7,B
b1,d6,e6,c7,B
c1,d6,e6,c7,B
d1,d6,e6,c7,B
e1,d6,e6,c7,B
f1,d6,e6,c7,B
g1,d6,e6,c7,B
h1,d6,e6,c7,B
a2,d6,e6,c7,B
b2,d6,e6,c7,B
c2,d6,e6,c7,B
d2,d6,e6,c7,B
e2,d6,e6,c7,B
f2,d6,e6,c7,B
g2,d6,e6,c7,B
h2,d6,e6,c7,B
a3,d6,e6,c7,B
b3,d6,e6,c7,B
c3,d6,e6,c7,B
d3,d6,e6,c7,B
e3,d6,e6,c7,B
f3,d6,e6,c7,B
g3,d6,e6,c7,B
h3,d6,e6,c7,B
a4,d6,e6,c7,B
b4,d6,e6,c7,B
c4,d6,e6,c7,B
d4,d6,e6,c7,B
e4,d6,e6,c7,B
f4,d6,e6,c7,B
g4,d6,e6,c7,B
h4,d6,e6,c7,B
a5,d6,e6,c7,B
b5,d6,e6,c7,B
h5,d6,e6,c7,B
a6,d6,e6,c7,B
h6,d6,e6,c7,B
a7,d6,e6,c7,B
h7,d6,e6,c7,B
a8,d6,e6,c7,B
h8,d6,e6,c7,B
a1,d6,e6,d7,B
b1,d6,e6,d7,B
c1,d6,e6,d7,B
d1,d6,e6,d7,B
e1,d6,e6,d7,B
f1,d6,e6,d7,B
g1,d6,e6,d7,B
h1,d6,e6,d7,B
a2,d6,e6,d7,B
b2,d6,e6,d7,B
c2,d6,e6,d7,B
d2,d6,e6,d7,B
e2,d6,e6,d7,B
f2,d6,e6,d7,B
g2,d6,e6,d7,B
h2,d6,e6,d7,B
a3,d6,e6,d7,B
b3,d6,e6,d7,B
c3,d6,e6,d7,B
d3,d6,e6,d7,B
e3,d6,e6,d7,B
f3,d6,e6,d7,B
g3,d6,e6,d7,B
h3,d6,e6,d7,B
a4,d6,e6,d7,B
b4,d6,e6,d7,B
c4,d6,e6,d7,B
d4,d6,e6,d7,B
e4,d6,e6,d7,B
f4,d6,e6,d7,B
g4,d6,e6,d7,B
h4,d6,e6,d7,B
a5,d6,e6,d7,B
b5,d6,e6,d7,B
g5,d6,e6,d7,B
h5,d6,e6,d7,B
a6,d6,e6,d7,B
b6,d6,e6,d7,B
g6,d6,e6,d7,B
h6,d6,e6,d7,B
a7,d6,e6,d7,B
b7,d6,e6,d7,B
g7,d6,e6,d7,B
h7,d6,e6,d7,B
a8,d6,e6,d7,B
b8,d6,e6,d7,B
f8,d6,e6,d7,B
g8,d6,e6,d7,B
h8,d6,e6,d7,B
a1,d6,e6,e7,B
b1,d6,e6,e7,B
c1,d6,e6,e7,B
d1,d6,e6,e7,B
e1,d6,e6,e7,B
f1,d6,e6,e7,B
g1,d6,e6,e7,B
h1,d6,e6,e7,B
a2,d6,e6,e7,B
b2,d6,e6,e7,B
c2,d6,e6,e7,B
d2,d6,e6,e7,B
e2,d6,e6,e7,B
f2,d6,e6,e7,B
g2,d6,e6,e7,B
h2,d6,e6,e7,B
a3,d6,e6,e7,B
b3,d6,e6,e7,B
c3,d6,e6,e7,B
d3,d6,e6,e7,B
e3,d6,e6,e7,B
f3,d6,e6,e7,B
g3,d6,e6,e7,B
h3,d6,e6,e7,B
a4,d6,e6,e7,B
b4,d6,e6,e7,B
c4,d6,e6,e7,B
d4,d6,e6,e7,B
e4,d6,e6,e7,B
f4,d6,e6,e7,B
g4,d6,e6,e7,B
h4,d6,e6,e7,B
a5,d6,e6,e7,B
b5,d6,e6,e7,B
g5,d6,e6,e7,B
h5,d6,e6,e7,B
a6,d6,e6,e7,B
b6,d6,e6,e7,B
g6,d6,e6,e7,B
h6,d6,e6,e7,B
a7,d6,e6,e7,B
b7,d6,e6,e7,B
g7,d6,e6,e7,B
h7,d6,e6,e7,B
a8,d6,e6,e7,B
b8,d6,e6,e7,B
c8,d6,e6,e7,B
g8,d6,e6,e7,B
h8,d6,e6,e7,B
a1,d6,e6,f7,B
b1,d6,e6,f7,B
c1,d6,e6,f7,B
d1,d6,e6,f7,B
e1,d6,e6,f7,B
f1,d6,e6,f7,B
g1,d6,e6,f7,B
h1,d6,e6,f7,B
a2,d6,e6,f7,B
b2,d6,e6,f7,B
c2,d6,e6,f7,B
d2,d6,e6,f7,B
e2,d6,e6,f7,B
f2,d6,e6,f7,B
g2,d6,e6,f7,B
h2,d6,e6,f7,B
a3,d6,e6,f7,B
b3,d6,e6,f7,B
c3,d6,e6,f7,B
d3,d6,e6,f7,B
e3,d6,e6,f7,B
f3,d6,e6,f7,B
g3,d6,e6,f7,B
h3,d6,e6,f7,B
a4,d6,e6,f7,B
b4,d6,e6,f7,B
c4,d6,e6,f7,B
d4,d6,e6,f7,B
e4,d6,e6,f7,B
f4,d6,e6,f7,B
g4,d6,e6,f7,B
h4,d6,e6,f7,B
a5,d6,e6,f7,B
g5,d6,e6,f7,B
h5,d6,e6,f7,B
a6,d6,e6,f7,B
h6,d6,e6,f7,B
a7,d6,e6,f7,B
h7,d6,e6,f7,B
a8,d6,e6,f7,B
h8,d6,e6,f7,B
e6,d6,e7,e8,B
a1,d7,e2,c6,B
b1,d7,e2,c6,B
c1,d7,e2,c6,B
d1,d7,e2,c6,B
e1,d7,e2,c6,B
f1,d7,e2,c6,B
g1,d7,e2,c6,B
h1,d7,e2,c6,B
a2,d7,e2,c6,B
a3,d7,e2,c6,B
a4,d7,e2,c6,B
a5,d7,e2,c6,B
a6,d7,e2,c6,B
a7,d7,e2,c6,B
h7,d7,e2,c6,B
a8,d7,e2,c6,B
b8,d7,e2,c6,B
h8,d7,e2,c6,B
a1,d7,e2,d6,B
b1,d7,e2,d6,B
c1,d7,e2,d6,B
d1,d7,e2,d6,B
e1,d7,e2,d6,B
f1,d7,e2,d6,B
g1,d7,e2,d6,B
h1,d7,e2,d6,B
a2,d7,e2,d6,B
a3,d7,e2,d6,B
a4,d7,e2,d6,B
a5,d7,e2,d6,B
a6,d7,e2,d6,B
a7,d7,e2,d6,B
b7,d7,e2,d6,B
h7,d7,e2,d6,B
a8,d7,e2,d6,B
b8,d7,e2,d6,B
h8,d7,e2,d6,B
a1,d7,e2,e6,B
b1,d7,e2,e6,B
c1,d7,e2,e6,B
d1,d7,e2,e6,B
e1,d7,e2,e6,B
f1,d7,e2,e6,B
g1,d7,e2,e6,B
h1,d7,e2,e6,B
a2,d7,e2,e6,B
a3,d7,e2,e6,B
a4,d7,e2,e6,B
a5,d7,e2,e6,B
a6,d7,e2,e6,B
a7,d7,e2,e6,B
b7,d7,e2,e6,B
h7,d7,e2,e6,B
a8,d7,e2,e6,B
b8,d7,e2,e6,B
h8,d7,e2,e6,B
a1,d7,e2,c7,B
b1,d7,e2,c7,B
c1,d7,e2,c7,B
d1,d7,e2,c7,B
e1,d7,e2,c7,B
f1,d7,e2,c7,B
g1,d7,e2,c7,B
h1,d7,e2,c7,B
a2,d7,e2,c7,B
a3,d7,e2,c7,B
a4,d7,e2,c7,B
a5,d7,e2,c7,B
a6,d7,e2,c7,B
a7,d7,e2,c7,B
h7,d7,e2,c7,B
a8,d7,e2,c7,B
h8,d7,e2,c7,B
a1,d7,e2,e7,B
b1,d7,e2,e7,B
c1,d7,e2,e7,B
d1,d7,e2,e7,B
e1,d7,e2,e7,B
f1,d7,e2,e7,B
g1,d7,e2,e7,B
h1,d7,e2,e7,B
a2,d7,e2,e7,B
a3,d7,e2,e7,B
a4,d7,e2,e7,B
a5,d7,e2,e7,B
a6,d7,e2,e7,B
a7,d7,e2,e7,B
b7,d7,e2,e7,B
h7,d7,e2,e7,B
a8,d7,e2,e7,B
b8,d7,e2,e7,B
h8,d7,e2,e7,B
a1,d7,e2,c8,B
b1,d7,e2,c8,B
c1,d7,e2,c8,B
d1,d7,e2,c8,B
e1,d7,e2,c8,B
f1,d7,e2,c8,B
g1,d7,e2,c8,B
h1,d7,e2,c8,B
a2,d7,e2,c8,B
a3,d7,e2,c8,B
a4,d7,e2,c8,B
a5,d7,e2,c8,B
a6,d7,e2,c8,B
a7,d7,e2,c8,B
h7,d7,e2,c8,B
a8,d7,e2,c8,B
h8,d7,e2,c8,B
a8,d7,e2,d8,W
b8,d7,e2,d8,W
a1,d7,e2,d8,B
b1,d7,e2,d8,B
c1,d7,e2,d8,B
d1,d7,e2,d8,B
e1,d7,e2,d8,B
f1,d7,e2,d8,B
g1,d7,e2,d8,B
h1,d7,e2,d8,B
a2,d7,e2,d8,B
a3,d7,e2,d8,B
a4,d7,e2,d8,B
a5,d7,e2,d8,B
a6,d7,e2,d8,B
d6,d7,e2,d8,B
a7,d7,e2,d8,B
b7,d7,e2,d8,B
h7,d7,e2,d8,B
a8,d7,e2,d8,B
b8,d7,e2,d8,B
h8,d7,e2,d8,B
a1,d7,e2,e8,B
b1,d7,e2,e8,B
c1,d7,e2,e8,B
d1,d7,e2,e8,B
e1,d7,e2,e8,B
f1,d7,e2,e8,B
g1,d7,e2,e8,B
h1,d7,e2,e8,B
a2,d7,e2,e8,B
a3,d7,e2,e8,B
a4,d7,e2,e8,B
a5,d7,e2,e8,B
a6,d7,e2,e8,B
a7,d7,e2,e8,B
b7,d7,e2,e8,B
h7,d7,e2,e8,B
a8,d7,e2,e8,B
b8,d7,e2,e8,B
h8,d7,e2,e8,B
a1,d7,e3,c6,B
b1,d7,e3,c6,B
c1,d7,e3,c6,B
d1,d7,e3,c6,B
e1,d7,e3,c6,B
f1,d7,e3,c6,B
g1,d7,e3,c6,B
h1,d7,e3,c6,B
a2,d7,e3,c6,B
b2,d7,e3,c6,B
c2,d7,e3,c6,B
d2,d7,e3,c6,B
e2,d7,e3,c6,B
f2,d7,e3,c6,B
g2,d7,e3,c6,B
h2,d7,e3,c6,B
a3,d7,e3,c6,B
b3,d7,e3,c6,B
c3,d7,e3,c6,B
d3,d7,e3,c6,B
h3,d7,e3,c6,B
a4,d7,e3,c6,B
b4,d7,e3,c6,B
h4,d7,e3,c6,B
a5,d7,e3,c6,B
h5,d7,e3,c6,B
a6,d7,e3,c6,B
h6,d7,e3,c6,B
a7,d7,e3,c6,B
h7,d7,e3,c6,B
a8,d7,e3,c6,B
b8,d7,e3,c6,B
h8,d7,e3,c6,B
a1,d7,e3,d6,B
b1,d7,e3,d6,B
c1,d7,e3,d6,B
d1,d7,e3,d6,B
e1,d7,e3,d6,B
f1,d7,e3,d6,B
g1,d7,e3,d6,B
h1,d7,e3,d6,B
a2,d7,e3,d6,B
b2,d7,e3,d6,B
c2,d7,e3,d6,B
d2,d7,e3,d6,B
e2,d7,e3,d6,B
f2,d7,e3,d6,B
g2,d7,e3,d6,B
h2,d7,e3,d6,B
a3,d7,e3,d6,B
b3,d7,e3,d6,B
c3,d7,e3,d6,B
d3,d7,e3,d6,B
h3,d7,e3,d6,B
a4,d7,e3,d6,B
b4,d7,e3,d6,B
h4,d7,e3,d6,B
a5,d7,e3,d6,B
b5,d7,e3,d6,B
h5,d7,e3,d6,B
a6,d7,e3,d6,B
b6,d7,e3,d6,B
h6,d7,e3,d6,B
a7,d7,e3,d6,B
b7,d7,e3,d6,B
h7,d7,e3,d6,B
a8,d7,e3,d6,B
b8,d7,e3,d6,B
h8,d7,e3,d6,B
a1,d7,e3,e6,B
b1,d7,e3,e6,B
c1,d7,e3,e6,B
d1,d7,e3,e6,B
e1,d7,e3,e6,B
f1,d7,e3,e6,B
g1,d7,e3,e6,B
h1,d7,e3,e6,B
a2,d7,e3,e6,B
b2,d7,e3,e6,B
c2,d7,e3,e6,B
d2,d7,e3,e6,B
e2,d7,e3,e6,B
f2,d7,e3,e6,B
g2,d7,e3,e6,B
h2,d7,e3,e6,B
a3,d7,e3,e6,B
b3,d7,e3,e6,B
c3,d7,e3,e6,B
d3,d7,e3,e6,B
h3,d7,e3,e6,B
a4,d7,e3,e6,B
b4,d7,e3,e6,B
h4,d7,e3,e6,B
a5,d7,e3,e6,B
b5,d7,e3,e6,B
h5,d7,e3,e6,B
a6,d7,e3,e6,B
b6,d7,e3,e6,B
h6,d7,e3,e6,B
a7,d7,e3,e6,B
b7,d7,e3,e6,B
h7,d7,e3,e6,B
a8,d7,e3,e6,B
b8,d7,e3,e6,B
h8,d7,e3,e6,B
a1,d7,e3,c7,B
b1,d7,e3,c7,B
c1,d7,e3,c7,B
d1,d7,e3,c7,B
e1,d7,e3,c7,B
f1,d7,e3,c7,B
g1,d7,e3,c7,B
h1,d7,e3,c7,B
a2,d7,e3,c7,B
b2,d7,e3,c7,B
c2,d7,e3,c7,B
d2,d7,e3,c7,B
e2,d7,e3,c7,B
f2,d7,e3,c7,B
g2,d7,e3,c7,B
h2,d7,e3,c7,B
a3,d7,e3,c7,B
b3,d7,e3,c7,B
c3,d7,e3,c7,B
d3,d7,e3,c7,B
h3,d7,e3,c7,B
a4,d7,e3,c7,B
b4,d7,e3,c7,B
h4,d7,e3,c7,B
a5,d7,e3,c7,B
b5,d7,e3,c7,B
h5,d7,e3,c7,B
a6,d7,e3,c7,B
h6,d7,e3,c7,B
a7,d7,e3,c7,B
h7,d7,e3,c7,B
a8,d7,e3,c7,B
h8,d7,e3,c7,B
a1,d7,e3,e7,B
b1,d7,e3,e7,B
c1,d7,e3,e7,B
d1,d7,e3,e7,B
e1,d7,e3,e7,B
f1,d7,e3,e7,B
g1,d7,e3,e7,B
h1,d7,e3,e7,B
a2,d7,e3,e7,B
b2,d7,e3,e7,B
c2,d7,e3,e7,B
d2,d7,e3,e7,B
e2,d7,e3,e7,B
f2,d7,e3,e7,B
g2,d7,e3,e7,B
h2,d7,e3,e7,B
a3,d7,e3,e7,B
b3,d7,e3,e7,B
c3,d7,e3,e7,B
d3,d7,e3,e7,B
h3,d7,e3,e7,B
a4,d7,e3,e7,B
b4,d7,e3,e7,B
h4,d7,e3,e7,B
a5,d7,e3,e7,B
b5,d7,e3,e7,B
h5,d7,e3,e7,B
a6,d7,e3,e7,B
b6,d7,e3,e7,B
h6,d7,e3,e7,B
a7,d7,e3,e7,B
b7,d7,e3,e7,B
h7,d7,e3,e7,B
a8,d7,e3,e7,B
b8,d7,e3,e7,B
h8,d7,e3,e7,B
a1,d7,e3,c8,B
b1,d7,e3,c8,B
c1,d7,e3,c8,B
d1,d7,e3,c8,B
e1,d7,e3,c8,B
f1,d7,e3,c8,B
g1,d7,e3,c8,B
h1,d7,e3,c8,B
a2,d7,e3,c8,B
b2,d7,e3,c8,B
c2,d7,e3,c8,B
d2,d7,e3,c8,B
e2,d7,e3,c8,B
f2,d7,e3,c8,B
g2,d7,e3,c8,B
h2,d7,e3,c8,B
a3,d7,e3,c8,B
b3,d7,e3,c8,B
c3,d7,e3,c8,B
d3,d7,e3,c8,B
h3,d7,e3,c8,B
a4,d7,e3,c8,B
b4,d7,e3,c8,B
h4,d7,e3,c8,B
a5,d7,e3,c8,B
b5,d7,e3,c8,B
h5,d7,e3,c8,B
a6,d7,e3,c8,B
b6,d7,e3,c8,B
h6,d7,e3,c8,B
a7,d7,e3,c8,B
h7,d7,e3,c8,B
a8,d7,e3,c8,B
h8,d7,e3,c8,B
a1,d7,e3,d8,W
b1,d7,e3,d8,W
c1,d7,e3,d8,W
d1,d7,e3,d8,W
e1,d7,e3,d8,W
f1,d7,e3,d8,W
g1,d7,e3,d8,W
h1,d7,e3,d8,W
a2,d7,e3,d8,W
b2,d7,e3,d8,W
c2,d7,e3,d8,W
d2,d7,e3,d8,W
a3,d7,e3,d8,W
a4,d7,e3,d8,W
a5,d7,e3,d8,W
a6,d7,e3,d8,W
a7,d7,e3,d8,W
a8,d7,e3,d8,W
b8,d7,e3,d8,W
a1,d7,e3,d8,B
b1,d7,e3,d8,B
c1,d7,e3,d8,B
d1,d7,e3,d8,B
e1,d7,e3,d8,B
f1,d7,e3,d8,B
g1,d7,e3,d8,B
h1,d7,e3,d8,B
a2,d7,e3,d8,B
b2,d7,e3,d8,B
c2,d7,e3,d8,B
d2,d7,e3,d8,B
e2,d7,e3,d8,B
f2,d7,e3,d8,B
g2,d7,e3,d8,B
h2,d7,e3,d8,B
a3,d7,e3,d8,B
b3,d7,e3,d8,B
c3,d7,e3,d8,B
d3,d7,e3,d8,B
h3,d7,e3,d8,B
a4,d7,e3,d8,B
b4,d7,e3,d8,B
h4,d7,e3,d8,B
a5,d7,e3,d8,B
b5,d7,e3,d8,B
h5,d7,e3,d8,B
a6,d7,e3,d8,B
b6,d7,e3,d8,B
d6,d7,e3,d8,B
h6,d7,e3,d8,B
a7,d7,e3,d8,B
b7,d7,e3,d8,B
h7,d7,e3,d8,B
a8,d7,e3,d8,B
b8,d7,e3,d8,B
h8,d7,e3,d8,B
a1,d7,e3,e8,B
b1,d7,e3,e8,B
c1,d7,e3,e8,B
d1,d7,e3,e8,B
e1,d7,e3,e8,B
f1,d7,e3,e8,B
g1,d7,e3,e8,B
h1,d7,e3,e8,B
a2,d7,e3,e8,B
b2,d7,e3,e8,B
c2,d7,e3,e8,B
d2,d7,e3,e8,B
e2,d7,e3,e8,B
f2,d7,e3,e8,B
g2,d7,e3,e8,B
h2,d7,e3,e8,B
a3,d7,e3,e8,B
b3,d7,e3,e8,B
c3,d7,e3,e8,B
d3,d7,e3,e8,B
h3,d7,e3,e8,B
a4,d7,e3,e8,B
b4,d7,e3,e8,B
h4,d7,e3,e8,B
a5,d7,e3,e8,B
b5,d7,e3,e8,B
h5,d7,e3,e8,B
a6,d7,e3,e8,B
b6,d7,e3,e8,B
h6,d7,e3,e8,B
a7,d7,e3,e8,B
b7,d7,e3,e8,B
h7,d7,e3,e8,B
a8,d7,e3,e8,B
b8,d7,e3,e8,B
h8,d7,e3,e8,B
a1,d7,e4,c6,B
b1,d7,e4,c6,B
c1,d7,e4,c6,B
d1,d7,e4,c6,B
e1,d7,e4,c6,B
f1,d7,e4,c6,B
g1,d7,e4,c6,B
h1,d7,e4,c6,B
a2,d7,e4,c6,B
b2,d7,e4,c6,B
c2,d7,e4,c6,B
d2,d7,e4,c6,B
e2,d7,e4,c6,B
f2,d7,e4,c6,B
g2,d7,e4,c6,B
h2,d7,e4,c6,B
a3,d7,e4,c6,B
b3,d7,e4,c6,B
c3,d7,e4,c6,B
d3,d7,e4,c6,B
e3,d7,e4,c6,B
f3,d7,e4,c6,B
g3,d7,e4,c6,B
h3,d7,e4,c6,B
a4,d7,e4,c6,B
b4,d7,e4,c6,B
h4,d7,e4,c6,B
a5,d7,e4,c6,B
h5,d7,e4,c6,B
a6,d7,e4,c6,B
h6,d7,e4,c6,B
a7,d7,e4,c6,B
h7,d7,e4,c6,B
a8,d7,e4,c6,B
b8,d7,e4,c6,B
h8,d7,e4,c6,B
a1,d7,e4,d6,B
b1,d7,e4,d6,B
c1,d7,e4,d6,B
d1,d7,e4,d6,B
e1,d7,e4,d6,B
f1,d7,e4,d6,B
g1,d7,e4,d6,B
h1,d7,e4,d6,B
a2,d7,e4,d6,B
b2,d7,e4,d6,B
c2,d7,e4,d6,B
d2,d7,e4,d6,B
e2,d7,e4,d6,B
f2,d7,e4,d6,B
g2,d7,e4,d6,B
h2,d7,e4,d6,B
a3,d7,e4,d6,B
b3,d7,e4,d6,B
c3,d7,e4,d6,B
d3,d7,e4,d6,B
e3,d7,e4,d6,B
f3,d7,e4,d6,B
g3,d7,e4,d6,B
h3,d7,e4,d6,B
a4,d7,e4,d6,B
b4,d7,e4,d6,B
h4,d7,e4,d6,B
a5,d7,e4,d6,B
b5,d7,e4,d6,B
h5,d7,e4,d6,B
a6,d7,e4,d6,B
b6,d7,e4,d6,B
h6,d7,e4,d6,B
a7,d7,e4,d6,B
b7,d7,e4,d6,B
h7,d7,e4,d6,B
a8,d7,e4,d6,B
b8,d7,e4,d6,B
h8,d7,e4,d6,B
a1,d7,e4,e6,B
b1,d7,e4,e6,B
c1,d7,e4,e6,B
d1,d7,e4,e6,B
e1,d7,e4,e6,B
f1,d7,e4,e6,B
g1,d7,e4,e6,B
h1,d7,e4,e6,B
a2,d7,e4,e6,B
b2,d7,e4,e6,B
c2,d7,e4,e6,B
d2,d7,e4,e6,B
e2,d7,e4,e6,B
f2,d7,e4,e6,B
g2,d7,e4,e6,B
h2,d7,e4,e6,B
a3,d7,e4,e6,B
b3,d7,e4,e6,B
c3,d7,e4,e6,B
d3,d7,e4,e6,B
e3,d7,e4,e6,B
f3,d7,e4,e6,B
g3,d7,e4,e6,B
h3,d7,e4,e6,B
a4,d7,e4,e6,B
b4,d7,e4,e6,B
h4,d7,e4,e6,B
a5,d7,e4,e6,B
b5,d7,e4,e6,B
h5,d7,e4,e6,B
a6,d7,e4,e6,B
b6,d7,e4,e6,B
h6,d7,e4,e6,B
a7,d7,e4,e6,B
b7,d7,e4,e6,B
h7,d7,e4,e6,B
a8,d7,e4,e6,B
b8,d7,e4,e6,B
h8,d7,e4,e6,B
a1,d7,e4,c7,B
b1,d7,e4,c7,B
c1,d7,e4,c7,B
d1,d7,e4,c7,B
e1,d7,e4,c7,B
f1,d7,e4,c7,B
g1,d7,e4,c7,B
h1,d7,e4,c7,B
a2,d7,e4,c7,B
b2,d7,e4,c7,B
c2,d7,e4,c7,B
d2,d7,e4,c7,B
e2,d7,e4,c7,B
f2,d7,e4,c7,B
g2,d7,e4,c7,B
h2,d7,e4,c7,B
a3,d7,e4,c7,B
b3,d7,e4,c7,B
c3,d7,e4,c7,B
d3,d7,e4,c7,B
e3,d7,e4,c7,B
f3,d7,e4,c7,B
g3,d7,e4,c7,B
h3,d7,e4,c7,B
a4,d7,e4,c7,B
b4,d7,e4,c7,B
h4,d7,e4,c7,B
a5,d7,e4,c7,B
b5,d7,e4,c7,B
d5,d7,e4,c7,B
h5,d7,e4,c7,B
a6,d7,e4,c7,B
h6,d7,e4,c7,B
a7,d7,e4,c7,B
h7,d7,e4,c7,B
a8,d7,e4,c7,B
h8,d7,e4,c7,B
a1,d7,e4,e7,B
b1,d7,e4,e7,B
c1,d7,e4,e7,B
d1,d7,e4,e7,B
e1,d7,e4,e7,B
f1,d7,e4,e7,B
g1,d7,e4,e7,B
h1,d7,e4,e7,B
a2,d7,e4,e7,B
b2,d7,e4,e7,B
c2,d7,e4,e7,B
d2,d7,e4,e7,B
e2,d7,e4,e7,B
f2,d7,e4,e7,B
g2,d7,e4,e7,B
h2,d7,e4,e7,B
a3,d7,e4,e7,B
b3,d7,e4,e7,B
c3,d7,e4,e7,B
d3,d7,e4,e7,B
e3,d7,e4,e7,B
f3,d7,e4,e7,B
g3,d7,e4,e7,B
h3,d7,e4,e7,B
a4,d7,e4,e7,B
b4,d7,e4,e7,B
h4,d7,e4,e7,B
a5,d7,e4,e7,B
b5,d7,e4,e7,B
d5,d7,e4,e7,B
h5,d7,e4,e7,B
a6,d7,e4,e7,B
b6,d7,e4,e7,B
h6,d7,e4,e7,B
a7,d7,e4,e7,B
b7,d7,e4,e7,B
h7,d7,e4,e7,B
a8,d7,e4,e7,B
b8,d7,e4,e7,B
h8,d7,e4,e7,B
a1,d7,e4,c8,B
b1,d7,e4,c8,B
c1,d7,e4,c8,B
d1,d7,e4,c8,B
e1,d7,e4,c8,B
f1,d7,e4,c8,B
g1,d7,e4,c8,B
h1,d7,e4,c8,B
a2,d7,e4,c8,B
b2,d7,e4,c8,B
c2,d7,e4,c8,B
d2,d7,e4,c8,B
e2,d7,e4,c8,B
f2,d7,e4,c8,B
g2,d7,e4,c8,B
h2,d7,e4,c8,B
a3,d7,e4,c8,B
b3,d7,e4,c8,B
c3,d7,e4,c8,B
d3,d7,e4,c8,B
e3,d7,e4,c8,B
f3,d7,e4,c8,B
g3,d7,e4,c8,B
h3,d7,e4,c8,B
a4,d7,e4,c8,B
b4,d7,e4,c8,B
h4,d7,e4,c8,B
a5,d7,e4,c8,B
b5,d7,e4,c8,B
d5,d7,e4,c8,B
h5,d7,e4,c8,B
a6,d7,e4,c8,B
b6,d7,e4,c8,B
h6,d7,e4,c8,B
a7,d7,e4,c8,B
h7,d7,e4,c8,B
a8,d7,e4,c8,B
h8,d7,e4,c8,B
a1,d7,e4,d8,W
b1,d7,e4,d8,W
c1,d7,e4,d8,W
d1,d7,e4,d8,W
e1,d7,e4,d8,W
f1,d7,e4,d8,W
g1,d7,e4,d8,W
h1,d7,e4,d8,W
a2,d7,e4,d8,W
b2,d7,e4,d8,W
c2,d7,e4,d8,W
d2,d7,e4,d8,W
e2,d7,e4,d8,W
f2,d7,e4,d8,W
g2,d7,e4,d8,W
h2,d7,e4,d8,W
a3,d7,e4,d8,W
a4,d7,e4,d8,W
a5,d7,e4,d8,W
a6,d7,e4,d8,W
a7,d7,e4,d8,W
a8,d7,e4,d8,W
b8,d7,e4,d8,W
a1,d7,e4,d8,B
b1,d7,e4,d8,B
c1,d7,e4,d8,B
d1,d7,e4,d8,B
e1,d7,e4,d8,B
f1,d7,e4,d8,B
g1,d7,e4,d8,B
h1,d7,e4,d8,B
a2,d7,e4,d8,B
b2,d7,e4,d8,B
c2,d7,e4,d8,B
d2,d7,e4,d8,B
e2,d7,e4,d8,B
f2,d7,e4,d8,B
g2,d7,e4,d8,B
h2,d7,e4,d8,B
a3,d7,e4,d8,B
b3,d7,e4,d8,B
c3,d7,e4,d8,B
d3,d7,e4,d8,B
e3,d7,e4,d8,B
f3,d7,e4,d8,B
g3,d7,e4,d8,B
h3,d7,e4,d8,B
a4,d7,e4,d8,B
b4,d7,e4,d8,B
h4,d7,e4,d8,B
a5,d7,e4,d8,B
b5,d7,e4,d8,B
d5,d7,e4,d8,B
h5,d7,e4,d8,B
a6,d7,e4,d8,B
b6,d7,e4,d8,B
d6,d7,e4,d8,B
h6,d7,e4,d8,B
a7,d7,e4,d8,B
b7,d7,e4,d8,B
h7,d7,e4,d8,B
a8,d7,e4,d8,B
b8,d7,e4,d8,B
h8,d7,e4,d8,B
a1,d7,e4,e8,B
b1,d7,e4,e8,B
c1,d7,e4,e8,B
d1,d7,e4,e8,B
e1,d7,e4,e8,B
f1,d7,e4,e8,B
g1,d7,e4,e8,B
h1,d7,e4,e8,B
a2,d7,e4,e8,B
b2,d7,e4,e8,B
c2,d7,e4,e8,B
d2,d7,e4,e8,B
e2,d7,e4,e8,B
f2,d7,e4,e8,B
g2,d7,e4,e8,B
h2,d7,e4,e8,B
a3,d7,e4,e8,B
b3,d7,e4,e8,B
c3,d7,e4,e8,B
d3,d7,e4,e8,B
e3,d7,e4,e8,B
f3,d7,e4,e8,B
g3,d7,e4,e8,B
h3,d7,e4,e8,B
a4,d7,e4,e8,B
b4,d7,e4,e8,B
h4,d7,e4,e8,B
a5,d7,e4,e8,B
b5,d7,e4,e8,B
d5,d7,e4,e8,B
h5,d7,e4,e8,B
a6,d7,e4,e8,B
b6,d7,e4,e8,B
h6,d7,e4,e8,B
a7,d7,e4,e8,B
b7,d7,e4,e8,B
h7,d7,e4,e8,B
a8,d7,e4,e8,B
b8,d7,e4,e8,B
h8,d7,e4,e8,B
a1,d7,e5,c6,B
b1,d7,e5,c6,B
c1,d7,e5,c6,B
d1,d7,e5,c6,B
e1,d7,e5,c6,B
f1,d7,e5,c6,B
g1,d7,e5,c6,B
h1,d7,e5,c6,B
a2,d7,e5,c6,B
b2,d7,e5,c6,B
c2,d7,e5,c6,B
d2,d7,e5,c6,B
e2,d7,e5,c6,B
f2,d7,e5,c6,B
g2,d7,e5,c6,B
h2,d7,e5,c6,B
a3,d7,e5,c6,B
b3,d7,e5,c6,B
c3,d7,e5,c6,B
d3,d7,e5,c6,B
e3,d7,e5,c6,B
f3,d7,e5,c6,B
g3,d7,e5,c6,B
h3,d7,e5,c6,B
a4,d7,e5,c6,B
b4,d7,e5,c6,B
c4,d7,e5,c6,B
d4,d7,e5,c6,B
e4,d7,e5,c6,B
f4,d7,e5,c6,B
g4,d7,e5,c6,B
h4,d7,e5,c6,B
a5,d7,e5,c6,B
h5,d7,e5,c6,B
a6,d7,e5,c6,B
h6,d7,e5,c6,B
a7,d7,e5,c6,B
h7,d7,e5,c6,B
a8,d7,e5,c6,B
b8,d7,e5,c6,B
h8,d7,e5,c6,B
a1,d7,e5,d6,B
b1,d7,e5,d6,B
c1,d7,e5,d6,B
d1,d7,e5,d6,B
e1,d7,e5,d6,B
f1,d7,e5,d6,B
g1,d7,e5,d6,B
h1,d7,e5,d6,B
a2,d7,e5,d6,B
b2,d7,e5,d6,B
c2,d7,e5,d6,B
d2,d7,e5,d6,B
e2,d7,e5,d6,B
f2,d7,e5,d6,B
g2,d7,e5,d6,B
h2,d7,e5,d6,B
a3,d7,e5,d6,B
b3,d7,e5,d6,B
c3,d7,e5,d6,B
d3,d7,e5,d6,B
e3,d7,e5,d6,B
f3,d7,e5,d6,B
g3,d7,e5,d6,B
h3,d7,e5,d6,B
a4,d7,e5,d6,B
b4,d7,e5,d6,B
c4,d7,e5,d6,B
d4,d7,e5,d6,B
e4,d7,e5,d6,B
f4,d7,e5,d6,B
g4,d7,e5,d6,B
h4,d7,e5,d6,B
a5,d7,e5,d6,B
b5,d7,e5,d6,B
h5,d7,e5,d6,B
a6,d7,e5,d6,B
b6,d7,e5,d6,B
h6,d7,e5,d6,B
a7,d7,e5,d6,B
b7,d7,e5,d6,B
h7,d7,e5,d6,B
a8,d7,e5,d6,B
b8,d7,e5,d6,B
h8,d7,e5,d6,B
a1,d7,e5,e6,B
b1,d7,e5,e6,B
c1,d7,e5,e6,B
d1,d7,e5,e6,B
e1,d7,e5,e6,B
f1,d7,e5,e6,B
g1,d7,e5,e6,B
h1,d7,e5,e6,B
a2,d7,e5,e6,B
b2,d7,e5,e6,B
c2,d7,e5,e6,B
d2,d7,e5,e6,B
e2,d7,e5,e6,B
f2,d7,e5,e6,B
g2,d7,e5,e6,B
h2,d7,e5,e6,B
a3,d7,e5,e6,B
b3,d7,e5,e6,B
c3,d7,e5,e6,B
d3,d7,e5,e6,B
e3,d7,e5,e6,B
f3,d7,e5,e6,B
g3,d7,e5,e6,B
h3,d7,e5,e6,B
a4,d7,e5,e6,B
b4,d7,e5,e6,B
c4,d7,e5,e6,B
d4,d7,e5,e6,B
e4,d7,e5,e6,B
f4,d7,e5,e6,B
g4,d7,e5,e6,B
h4,d7,e5,e6,B
a5,d7,e5,e6,B
b5,d7,e5,e6,B
c5,d7,e5,e6,B
h5,d7,e5,e6,B
a6,d7,e5,e6,B
b6,d7,e5,e6,B
h6,d7,e5,e6,B
a7,d7,e5,e6,B
b7,d7,e5,e6,B
h7,d7,e5,e6,B
a8,d7,e5,e6,B
b8,d7,e5,e6,B
h8,d7,e5,e6,B
a1,d7,e5,c7,B
b1,d7,e5,c7,B
c1,d7,e5,c7,B
d1,d7,e5,c7,B
e1,d7,e5,c7,B
f1,d7,e5,c7,B
g1,d7,e5,c7,B
h1,d7,e5,c7,B
a2,d7,e5,c7,B
b2,d7,e5,c7,B
c2,d7,e5,c7,B
d2,d7,e5,c7,B
e2,d7,e5,c7,B
f2,d7,e5,c7,B
g2,d7,e5,c7,B
h2,d7,e5,c7,B
a3,d7,e5,c7,B
b3,d7,e5,c7,B
c3,d7,e5,c7,B
d3,d7,e5,c7,B
e3,d7,e5,c7,B
f3,d7,e5,c7,B
g3,d7,e5,c7,B
h3,d7,e5,c7,B
a4,d7,e5,c7,B
b4,d7,e5,c7,B
c4,d7,e5,c7,B
d4,d7,e5,c7,B
e4,d7,e5,c7,B
f4,d7,e5,c7,B
g4,d7,e5,c7,B
h4,d7,e5,c7,B
a5,d7,e5,c7,B
b5,d7,e5,c7,B
c5,d7,e5,c7,B
d5,d7,e5,c7,B
h5,d7,e5,c7,B
a6,d7,e5,c7,B
h6,d7,e5,c7,B
a7,d7,e5,c7,B
h7,d7,e5,c7,B
a8,d7,e5,c7,B
h8,d7,e5,c7,B
a1,d7,e5,e7,B
b1,d7,e5,e7,B
c1,d7,e5,e7,B
d1,d7,e5,e7,B
e1,d7,e5,e7,B
f1,d7,e5,e7,B
g1,d7,e5,e7,B
h1,d7,e5,e7,B
a2,d7,e5,e7,B
b2,d7,e5,e7,B
c2,d7,e5,e7,B
d2,d7,e5,e7,B
e2,d7,e5,e7,B
f2,d7,e5,e7,B
g2,d7,e5,e7,B
h2,d7,e5,e7,B
a3,d7,e5,e7,B
b3,d7,e5,e7,B
c3,d7,e5,e7,B
d3,d7,e5,e7,B
e3,d7,e5,e7,B
f3,d7,e5,e7,B
g3,d7,e5,e7,B
h3,d7,e5,e7,B
a4,d7,e5,e7,B
b4,d7,e5,e7,B
c4,d7,e5,e7,B
d4,d7,e5,e7,B
e4,d7,e5,e7,B
f4,d7,e5,e7,B
g4,d7,e5,e7,B
h4,d7,e5,e7,B
a5,d7,e5,e7,B
b5,d7,e5,e7,B
c5,d7,e5,e7,B
d5,d7,e5,e7,B
h5,d7,e5,e7,B
a6,d7,e5,e7,B
b6,d7,e5,e7,B
h6,d7,e5,e7,B
a7,d7,e5,e7,B
b7,d7,e5,e7,B
h7,d7,e5,e7,B
a8,d7,e5,e7,B
b8,d7,e5,e7,B
h8,d7,e5,e7,B
a1,d7,e5,c8,B
b1,d7,e5,c8,B
c1,d7,e5,c8,B
d1,d7,e5,c8,B
e1,d7,e5,c8,B
f1,d7,e5,c8,B
g1,d7,e5,c8,B
h1,d7,e5,c8,B
a2,d7,e5,c8,B
b2,d7,e5,c8,B
c2,d7,e5,c8,B
d2,d7,e5,c8,B
e2,d7,e5,c8,B
f2,d7,e5,c8,B
g2,d7,e5,c8,B
h2,d7,e5,c8,B
a3,d7,e5,c8,B
b3,d7,e5,c8,B
c3,d7,e5,c8,B
d3,d7,e5,c8,B
e3,d7,e5,c8,B
f3,d7,e5,c8,B
g3,d7,e5,c8,B
h3,d7,e5,c8,B
a4,d7,e5,c8,B
b4,d7,e5,c8,B
c4,d7,e5,c8,B
d4,d7,e5,c8,B
e4,d7,e5,c8,B
f4,d7,e5,c8,B
g4,d7,e5,c8,B
h4,d7,e5,c8,B
a5,d7,e5,c8,B
b5,d7,e5,c8,B
c5,d7,e5,c8,B
d5,d7,e5,c8,B
h5,d7,e5,c8,B
a6,d7,e5,c8,B
b6,d7,e5,c8,B
h6,d7,e5,c8,B
a7,d7,e5,c8,B
h7,d7,e5,c8,B
a8,d7,e5,c8,B
h8,d7,e5,c8,B
a1,d7,e5,d8,B
b1,d7,e5,d8,B
c1,d7,e5,d8,B
d1,d7,e5,d8,B
e1,d7,e5,d8,B
f1,d7,e5,d8,B
g1,d7,e5,d8,B
h1,d7,e5,d8,B
a2,d7,e5,d8,B
b2,d7,e5,d8,B
c2,d7,e5,d8,B
d2,d7,e5,d8,B
e2,d7,e5,d8,B
f2,d7,e5,d8,B
g2,d7,e5,d8,B
h2,d7,e5,d8,B
a3,d7,e5,d8,B
b3,d7,e5,d8,B
c3,d7,e5,d8,B
d3,d7,e5,d8,B
e3,d7,e5,d8,B
f3,d7,e5,d8,B
g3,d7,e5,d8,B
h3,d7,e5,d8,B
a4,d7,e5,d8,B
b4,d7,e5,d8,B
c4,d7,e5,d8,B
d4,d7,e5,d8,B
e4,d7,e5,d8,B
f4,d7,e5,d8,B
g4,d7,e5,d8,B
h4,d7,e5,d8,B
a5,d7,e5,d8,B
b5,d7,e5,d8,B
c5,d7,e5,d8,B
d5,d7,e5,d8,B
h5,d7,e5,d8,B
a6,d7,e5,d8,B
b6,d7,e5,d8,B
d6,d7,e5,d8,B
h6,d7,e5,d8,B
a7,d7,e5,d8,B
b7,d7,e5,d8,B
h7,d7,e5,d8,B
a8,d7,e5,d8,B
b8,d7,e5,d8,B
h8,d7,e5,d8,B
a1,d7,e5,e8,B
b1,d7,e5,e8,B
c1,d7,e5,e8,B
d1,d7,e5,e8,B
e1,d7,e5,e8,B
f1,d7,e5,e8,B
g1,d7,e5,e8,B
h1,d7,e5,e8,B
a2,d7,e5,e8,B
b2,d7,e5,e8,B
c2,d7,e5,e8,B
d2,d7,e5,e8,B
e2,d7,e5,e8,B
f2,d7,e5,e8,B
g2,d7,e5,e8,B
h2,d7,e5,e8,B
a3,d7,e5,e8,B
b3,d7,e5,e8,B
c3,d7,e5,e8,B
d3,d7,e5,e8,B
e3,d7,e5,e8,B
f3,d7,e5,e8,B
g3,d7,e5,e8,B
h3,d7,e5,e8,B
a4,d7,e5,e8,B
b4,d7,e5,e8,B
c4,d7,e5,e8,B
d4,d7,e5,e8,B
e4,d7,e5,e8,B
f4,d7,e5,e8,B
g4,d7,e5,e8,B
h4,d7,e5,e8,B
a5,d7,e5,e8,B
b5,d7,e5,e8,B
c5,d7,e5,e8,B
d5,d7,e5,e8,B
h5,d7,e5,e8,B
a6,d7,e5,e8,B
b6,d7,e5,e8,B
h6,d7,e5,e8,B
a7,d7,e5,e8,B
b7,d7,e5,e8,B
h7,d7,e5,e8,B
a8,d7,e5,e8,B
b8,d7,e5,e8,B
h8,d7,e5,e8,B
d6,d7,e6,d8,B
d6,d7,e7,d8,B
e6,d7,e7,e8,B
